R-183 J,2024-03-19 05:50:52
R-183 F,2024-03-19 05:50:57
R-183 JF,2024-03-19 05:51:02
R-183 F,2024-03-19 05:51:06
R-183-JF,2024-03-19 05:51:10
R-IB3J,2024-03-19 05:51:15
R-183-F,2024-03-19 05:51:19
R-183-JF,2024-03-19 05:51:24
RIBBJ,2024-03-19 05:51:30
R-183 JF,2024-03-19 05:51:33
R-183-JF,2024-03-19 05:51:38
R-183-JF,2024-03-19 05:51:44
R-183-JF,2024-03-19 05:51:48
R-183-JF,2024-03-19 05:51:53
R-183-JF,2024-03-19 05:51:58
,2024-03-19 05:52:02
R-183-JF,2024-03-19 05:52:02
R1B3-JF,2024-03-19 05:52:06
R-1B3-JF,2024-03-19 05:52:11
R83-JF,2024-03-19 05:52:15
R183-JF,2024-03-19 05:52:19
R83-JF,2024-03-19 05:52:25
R183-JF,2024-03-19 05:52:29
R183-JF,2024-03-19 05:52:32
R-183-JF,2024-03-19 05:52:38
R-183-JF,2024-03-19 05:52:42
R-183-JF,2024-03-19 05:52:46
,2024-03-19 05:52:51
R183-JF,2024-03-19 05:52:52
,2024-03-19 05:52:56
R-183-JF,2024-03-19 05:52:56
R-183-JF,2024-03-19 05:53:00
R-183-JF,2024-03-19 05:53:07
,2024-03-19 05:53:11
R-183-JF,2024-03-19 05:53:12
,2024-03-19 05:53:16
R-183-JF,2024-03-19 05:53:16
,2024-03-19 05:53:22
R-183-JF,2024-03-19 05:53:22
,2024-03-19 05:53:26
R-183-JF,2024-03-19 05:53:26
,2024-03-19 05:53:31
R-183-JF,2024-03-19 05:53:31
R183-JF,2024-03-19 05:53:36
R-183-JF,2024-03-19 05:53:40
,2024-03-19 05:53:44
R.183-JF,2024-03-19 05:53:45
,2024-03-19 05:53:50
R-183-JF,2024-03-19 05:53:50
R-183-JF,2024-03-19 05:53:54
R-183-JF,2024-03-19 05:53:58
R-183-JF,2024-03-19 05:54:04
R-183-JF,2024-03-19 05:54:08
R183.JF,2024-03-19 05:54:11
R183-JF,2024-03-19 05:54:17
R183-JF,2024-03-19 05:54:21
R183-JF,2024-03-19 05:54:25
R183-JF,2024-03-19 05:54:30
R83-JF,2024-03-19 05:54:34
R183-JF,2024-03-19 05:54:38
"R-18, IF",2024-03-19 05:54:43
R18 ( Ir,2024-03-19 05:54:47
Ri8t,2024-03-19 05:54:51
R82I,2024-03-19 05:54:56
R-187 JF,2024-03-19 05:55:00
R-18TJF,2024-03-19 05:55:04
R-183 JF,2024-03-19 05:55:08
R183F,2024-03-19 05:55:13
,2024-03-19 05:55:17
,2024-03-19 05:55:21
,2024-03-19 05:55:26
,2024-03-19 05:55:30
,2024-03-19 05:55:30
,2024-03-19 05:55:34
,2024-03-19 05:55:35
9,2024-03-19 05:55:40
,2024-03-19 05:55:44
,2024-03-19 05:55:48
,2024-03-19 05:55:53
,2024-03-19 05:55:57
F,2024-03-19 05:56:01
Rie,2024-03-19 05:56:06
RoL,2024-03-19 05:56:10
F,2024-03-19 05:56:14
RbrD,2024-03-19 05:56:20
Rjen,2024-03-19 05:56:24
Rjarn,2024-03-19 05:56:28
Rn,2024-03-19 05:56:33
Rorn,2024-03-19 05:56:38
F8ln,2024-03-19 05:56:43
R8rl,2024-03-19 05:56:48
73ak-I,2024-03-19 05:56:52
78o4],2024-03-19 05:56:57
73e4-J4,2024-03-19 05:57:02
7884-4,2024-03-19 05:57:06
78e*4,2024-03-19 05:57:10
R8a4-JV,2024-03-19 05:57:15
7821,2024-03-19 05:57:19
Tbrz-Jv,2024-03-19 05:57:24
789rIv,2024-03-19 05:57:29
7894-J,2024-03-19 05:57:33
784M,2024-03-19 05:57:37
N-894-JV,2024-03-19 05:57:42
0BezJ,2024-03-19 05:57:46
4-894M,2024-03-19 05:57:50
N-894J,2024-03-19 05:57:55
N-894,2024-03-19 05:58:00
N894J,2024-03-19 05:58:04
N-894M,2024-03-19 05:58:08
N-894-Jv,2024-03-19 05:58:13
N-894-Jv,2024-03-19 05:58:17
N-894M,2024-03-19 05:58:21
N-894-JV,2024-03-19 05:58:26
N-894-JV,2024-03-19 05:58:30
N-894-JV,2024-03-19 05:58:34
N-894J,2024-03-19 05:58:40
N894J,2024-03-19 05:58:44
N-894JV,2024-03-19 05:58:48
N894-JV,2024-03-19 05:58:53
N-894J,2024-03-19 05:58:57
N894-V,2024-03-19 05:59:01
N894J,2024-03-19 05:59:06
N-894 JV,2024-03-19 05:59:10
N-894-JV,2024-03-19 05:59:14
N-894-JV,2024-03-19 05:59:19
L656Tr,2024-03-19 05:59:24
L-656 h,2024-03-19 05:59:28
L6s6 Xh,2024-03-19 05:59:33
L-65640,2024-03-19 05:59:40
,2024-03-19 05:59:45
Los63h,2024-03-19 05:59:45
Lo567,2024-03-19 05:59:51
L656TH,2024-03-19 05:59:55
L656xh,2024-03-19 05:59:59
L656XH,2024-03-19 06:00:04
,2024-03-19 06:00:09
L656 XH,2024-03-19 06:00:09
L656-XH,2024-03-19 06:00:13
L6s6-XH,2024-03-19 06:00:20
L6s6XH,2024-03-19 06:00:24
L6s6-XH,2024-03-19 06:00:29
L656-XH,2024-03-19 06:00:34
L656Xh,2024-03-19 06:00:38
(L656-XH,2024-03-19 06:00:43
L656 XH,2024-03-19 06:00:47
L656.XH,2024-03-19 06:00:51
[L656-XH,2024-03-19 06:00:56
L-656-XH,2024-03-19 06:01:01
L-656-XH,2024-03-19 06:01:05
L656-XH,2024-03-19 06:01:10
L656-XH,2024-03-19 06:01:14
L-656-XH,2024-03-19 06:01:18
1L-656-XH,2024-03-19 06:01:23
L656-XH,2024-03-19 06:01:28
L656-XH,2024-03-19 06:01:32
-656-XH,2024-03-19 06:01:36
L656.XH,2024-03-19 06:01:41
L656-XH,2024-03-19 06:01:45
L6s6-XH,2024-03-19 06:01:49
L656-XH,2024-03-19 06:01:55
L6s6-XH,2024-03-19 06:01:59
L-656-XH,2024-03-19 06:02:03
[656-XH,2024-03-19 06:02:08
L-656-XH,2024-03-19 06:02:12
656-XH,2024-03-19 06:02:16
L-656-XH,2024-03-19 06:02:22
L.656-XH,2024-03-19 06:02:26
L656XH,2024-03-19 06:02:30
L656-XH,2024-03-19 06:02:35
L656-XH,2024-03-19 06:02:39
L-656-XH,2024-03-19 06:02:43
L-656-XH,2024-03-19 06:02:49
L-656 XH,2024-03-19 06:02:53
L656 XH,2024-03-19 06:02:57
L-656-XH,2024-03-19 06:03:02
L656-XH,2024-03-19 06:03:06
L656-XH,2024-03-19 06:03:10
L656-XH,2024-03-19 06:03:16
L656XH,2024-03-19 06:03:20
L656 XH,2024-03-19 06:03:24
L-656XH,2024-03-19 06:03:29
L6s6-.XH,2024-03-19 06:03:33
L656-XH,2024-03-19 06:03:37
L656-XH,2024-03-19 06:03:42
L6s6-XH,2024-03-19 06:03:46
L6s6 XH,2024-03-19 06:03:50
L656 XH,2024-03-19 06:03:55
L656-XH,2024-03-19 06:04:01
L656.XH,2024-03-19 06:04:05
L656 XH,2024-03-19 06:04:10
L656-XH,2024-03-19 06:04:15
L656-XH,2024-03-19 06:04:19
L656 XH,2024-03-19 06:04:23
L;656 XH,2024-03-19 06:04:28
L656 XH,2024-03-19 06:04:32
L656 XH,2024-03-19 06:04:36
L6s6XH,2024-03-19 06:04:41
R-183 J,2024-03-19 06:09:41
R-183 F,2024-03-19 06:09:46
R-183 JF,2024-03-19 06:09:55
R-183 F,2024-03-19 06:09:59
R-183-JF,2024-03-19 06:10:03
R-IB3J,2024-03-19 06:10:08
R-183-F,2024-03-19 06:10:13
R-183-JF,2024-03-19 06:10:17
RIBBJ,2024-03-19 06:10:23
R-183 JF,2024-03-19 06:10:27
R-183-JF,2024-03-19 06:10:31
R-183-JF,2024-03-19 06:10:36
R-183-JF,2024-03-19 06:10:40
R-183-JF,2024-03-19 06:10:44
R-183-JF,2024-03-19 06:10:50
,2024-03-19 06:10:54
R-183-JF,2024-03-19 06:10:54
R1B3-JF,2024-03-19 06:10:58
R-1B3-JF,2024-03-19 06:11:03
R83-JF,2024-03-19 06:11:07
R183-JF,2024-03-19 06:11:11
R83-JF,2024-03-19 06:11:16
R183-JF,2024-03-19 06:11:22
R183-JF,2024-03-19 06:11:26
R-183-JF,2024-03-19 06:11:31
R-183-JF,2024-03-19 06:11:36
R-183-JF,2024-03-19 06:11:40
,2024-03-19 06:11:45
R183-JF,2024-03-19 06:11:45
,2024-03-19 06:11:50
R-183-JF,2024-03-19 06:11:50
R-183-JF,2024-03-19 06:11:54
R-183-JF,2024-03-19 06:11:59
,2024-03-19 06:12:04
R-183-JF,2024-03-19 06:12:04
,2024-03-19 06:12:08
R-183-JF,2024-03-19 06:12:09
,2024-03-19 06:12:14
R-183-JF,2024-03-19 06:12:14
,2024-03-19 06:12:19
R-183-JF,2024-03-19 06:12:19
,2024-03-19 06:12:24
R-183-JF,2024-03-19 06:12:24
R183-JF,2024-03-19 06:12:29
R-183-JF,2024-03-19 06:12:33
,2024-03-19 06:12:38
R.183-JF,2024-03-19 06:12:38
,2024-03-19 06:12:44
R-183-JF,2024-03-19 06:12:44
R-183-JF,2024-03-19 06:12:48
R-183-JF,2024-03-19 06:12:52
R-183-JF,2024-03-19 06:12:57
R-183-JF,2024-03-19 06:13:01
R183.JF,2024-03-19 06:13:06
R183-JF,2024-03-19 06:13:11
R183-JF,2024-03-19 06:13:15
R183-JF,2024-03-19 06:13:19
R183-JF,2024-03-19 06:13:24
R83-JF,2024-03-19 06:13:28
R183-JF,2024-03-19 06:13:32
"R-18, IF",2024-03-19 06:13:38
R18 ( Ir,2024-03-19 06:13:42
Ri8t,2024-03-19 06:13:46
R82I,2024-03-19 06:13:51
R-187 JF,2024-03-19 06:13:55
R-18TJF,2024-03-19 06:13:59
R-183 JF,2024-03-19 06:14:04
R183F,2024-03-19 06:14:08
,2024-03-19 06:14:12
,2024-03-19 06:14:17
,2024-03-19 06:14:22
,2024-03-19 06:14:26
,2024-03-19 06:14:26
,2024-03-19 06:14:30
,2024-03-19 06:14:31
9,2024-03-19 06:14:36
,2024-03-19 06:14:40
,2024-03-19 06:14:44
,2024-03-19 06:14:49
,2024-03-19 06:14:53
F,2024-03-19 06:14:57
Rie,2024-03-19 06:15:04
RoL,2024-03-19 06:15:08
F,2024-03-19 06:15:12
RbrD,2024-03-19 06:15:18
Rjen,2024-03-19 06:15:22
Rjarn,2024-03-19 06:15:26
Rn,2024-03-19 06:15:32
Rorn,2024-03-19 06:15:36
F8ln,2024-03-19 06:15:40
R8rl,2024-03-19 06:15:45
73ak-I,2024-03-19 06:15:50
78o4],2024-03-19 06:15:54
73e4-J4,2024-03-19 06:15:59
7884-4,2024-03-19 06:16:03
78e*4,2024-03-19 06:16:07
R8a4-JV,2024-03-19 06:16:13
7821,2024-03-19 06:16:17
Tbrz-Jv,2024-03-19 06:16:21
789rIv,2024-03-19 06:16:27
7894-J,2024-03-19 06:16:31
784M,2024-03-19 06:16:35
N-894-JV,2024-03-19 06:16:41
0BezJ,2024-03-19 06:16:45
4-894M,2024-03-19 06:16:49
N-894J,2024-03-19 06:16:54
N-894,2024-03-19 06:16:58
N894J,2024-03-19 06:17:03
N-894M,2024-03-19 06:17:08
N-894-Jv,2024-03-19 06:17:12
N-894-Jv,2024-03-19 06:17:16
N-894M,2024-03-19 06:17:22
N-894-JV,2024-03-19 06:17:26
N-894-JV,2024-03-19 06:17:30
N-894-JV,2024-03-19 06:17:35
N-894J,2024-03-19 06:17:40
N894J,2024-03-19 06:17:44
N-894JV,2024-03-19 06:17:49
N894-JV,2024-03-19 06:17:53
N-894J,2024-03-19 06:17:57
N894-V,2024-03-19 06:18:02
N894J,2024-03-19 06:18:07
N-894 JV,2024-03-19 06:18:11
N-894-JV,2024-03-19 06:18:15
N-894-JV,2024-03-19 06:18:20
L656Tr,2024-03-19 06:18:24
L-656 h,2024-03-19 06:18:29
L6s6 Xh,2024-03-19 06:18:34
L-65640,2024-03-19 06:18:38
,2024-03-19 06:18:44
Los63h,2024-03-19 06:18:44
Lo567,2024-03-19 06:18:49
L656TH,2024-03-19 06:18:54
L656xh,2024-03-19 06:18:58
L656XH,2024-03-19 06:19:03
,2024-03-19 06:19:07
L656 XH,2024-03-19 06:19:08
L656-XH,2024-03-19 06:19:12
L6s6-XH,2024-03-19 06:19:17
L6s6XH,2024-03-19 06:19:21
L6s6-XH,2024-03-19 06:19:25
L656-XH,2024-03-19 06:19:30
L656Xh,2024-03-19 06:19:35
(L656-XH,2024-03-19 06:19:39
L656 XH,2024-03-19 06:19:44
L656.XH,2024-03-19 06:19:48
[L656-XH,2024-03-19 06:19:52
L-656-XH,2024-03-19 06:19:59
L-656-XH,2024-03-19 06:20:06
L656-XH,2024-03-19 06:20:12
L656-XH,2024-03-19 06:20:16
L-656-XH,2024-03-19 06:20:20
1L-656-XH,2024-03-19 06:20:25
L656-XH,2024-03-19 06:20:29
L656-XH,2024-03-19 06:20:33
-656-XH,2024-03-19 06:20:39
L656.XH,2024-03-19 06:20:43
L656-XH,2024-03-19 06:20:47
L6s6-XH,2024-03-19 06:20:52
L656-XH,2024-03-19 06:20:57
L6s6-XH,2024-03-19 06:21:01
L-656-XH,2024-03-19 06:21:06
[656-XH,2024-03-19 06:21:10
L-656-XH,2024-03-19 06:21:14
656-XH,2024-03-19 06:21:19
L-656-XH,2024-03-19 06:21:24
L.656-XH,2024-03-19 06:21:28
L656XH,2024-03-19 06:21:33
L656-XH,2024-03-19 06:21:38
L656-XH,2024-03-19 06:21:42
L-656-XH,2024-03-19 06:21:47
L-656-XH,2024-03-19 06:21:51
L-656 XH,2024-03-19 06:21:55
L656 XH,2024-03-19 06:22:00
L-656-XH,2024-03-19 06:22:05
L656-XH,2024-03-19 06:22:09
L656-XH,2024-03-19 06:22:14
L656-XH,2024-03-19 06:22:18
L656XH,2024-03-19 06:22:23
L656 XH,2024-03-19 06:22:27
L-656XH,2024-03-19 06:22:34
L6s6-.XH,2024-03-19 06:22:38
L656-XH,2024-03-19 06:22:42
L656-XH,2024-03-19 06:22:47
L6s6-XH,2024-03-19 06:22:51
L6s6 XH,2024-03-19 06:22:55
L656 XH,2024-03-19 06:23:00
L656-XH,2024-03-19 06:23:04
L656.XH,2024-03-19 06:23:08
L656 XH,2024-03-19 06:23:14
L656-XH,2024-03-19 06:23:18
L656-XH,2024-03-19 06:23:22
L656 XH,2024-03-19 06:23:27
L;656 XH,2024-03-19 06:23:31
L656 XH,2024-03-19 06:23:35
L656 XH,2024-03-19 06:23:40
L6s6XH,2024-03-19 06:23:45
L656XH,2024-03-19 06:23:49
L656 XH,2024-03-19 06:23:53
L656XH,2024-03-19 06:23:58
L656XH,2024-03-19 06:24:02
L656 XH,2024-03-19 06:24:06
L656 XH,2024-03-19 06:24:11
L656 XH,2024-03-19 06:24:15
L656 XH,2024-03-19 06:24:19
L656 XH,2024-03-19 06:24:24
L656 XH,2024-03-19 06:24:28
"""L656 XR",2024-03-19 06:24:32
L656 XH,2024-03-19 06:24:37
L656 XH,2024-03-19 06:24:41
L658 XH,2024-03-19 06:24:45
L656 XH,2024-03-19 06:24:51
L656 XH,2024-03-19 06:24:55
C656 XH,2024-03-19 06:24:59
C656 XH,2024-03-19 06:25:04
,2024-03-19 06:25:08
[656 XH,2024-03-19 06:25:08
,2024-03-19 06:25:12
,2024-03-19 06:25:12
[656 XH,2024-03-19 06:25:12
L656 XH,2024-03-19 06:25:17
L656 KH,2024-03-19 06:25:21
Co5oXH,2024-03-19 06:25:25
L656XH,2024-03-19 06:25:30
C656 XH,2024-03-19 06:25:35
Co56 XH,2024-03-19 06:25:39
L656 XH,2024-03-19 06:25:43
EosoXu,2024-03-19 06:25:48
Loso Xu,2024-03-19 06:25:52
Los6 Xu,2024-03-19 06:25:56
,2024-03-19 06:26:01
,2024-03-19 06:26:05
,2024-03-19 06:26:09
,2024-03-19 06:26:15
FD,2024-03-19 06:26:20
Reh,2024-03-19 06:26:24
RAL,2024-03-19 06:26:29
60,2024-03-19 06:26:33
60,2024-03-19 06:26:37
Rrk,2024-03-19 06:26:38
6,2024-03-19 06:26:43
Ron,2024-03-19 06:26:43
Ran,2024-03-19 06:26:47
Ren,2024-03-19 06:26:51
ROAL,2024-03-19 06:26:57
Bn,2024-03-19 06:27:01
Ru,2024-03-19 06:27:05
Pok,2024-03-19 06:27:10
Bn,2024-03-19 06:27:14
RAn,2024-03-19 06:27:18
Kk,2024-03-19 06:27:24
Dl,2024-03-19 06:27:28
P644[,2024-03-19 06:27:32
0640,2024-03-19 06:27:37
364n,2024-03-19 06:27:41
06407,2024-03-19 06:27:46
Rb#X,2024-03-19 06:27:51
R6aLA,2024-03-19 06:27:55
@644LX,2024-03-19 06:27:59
RSALX,2024-03-19 06:28:04
06417,2024-03-19 06:28:09
064LA,2024-03-19 06:28:13
R6AL,2024-03-19 06:28:18
R6ALX,2024-03-19 06:28:22
R6ALX,2024-03-19 06:28:26
bALX,2024-03-19 06:28:32
4644LX,2024-03-19 06:28:36
0644LX,2024-03-19 06:28:40
4644LX,2024-03-19 06:28:45
4644LX,2024-03-19 06:28:49
4644LX,2024-03-19 06:28:53
H644LX,2024-03-19 06:28:59
4644-LX,2024-03-19 06:29:03
0644-LX,2024-03-19 06:29:07
H-644-LX,2024-03-19 06:29:12
H-644LX,2024-03-19 06:29:16
0644LX,2024-03-19 06:29:20
H644LX,2024-03-19 06:29:25
A644LX,2024-03-19 06:29:30
A644LX,2024-03-19 06:29:34
A644LX,2024-03-19 06:29:39
A.644-LX,2024-03-19 06:29:44
A-644-LX,2024-03-19 06:29:48
0-644-LX,2024-03-19 06:29:52
H-644LX,2024-03-19 06:29:57
H-644-LX,2024-03-19 06:30:03
H-644LX,2024-03-19 06:30:08
A-644LX,2024-03-19 06:30:12
H-644-LX,2024-03-19 06:30:17
A-644LX,2024-03-19 06:30:22
R644LX,2024-03-19 06:30:26
A-644LX,2024-03-19 06:30:30
A-644LX,2024-03-19 06:30:36
H-644-LX,2024-03-19 06:30:40
A-644-LX,2024-03-19 06:30:44
H.644-LX,2024-03-19 06:30:49
H644-LX,2024-03-19 06:30:53
H-644-LX,2024-03-19 06:30:57
H.644LX,2024-03-19 06:31:02
H644LX,2024-03-19 06:31:07
K644LXI,2024-03-19 06:31:15
H644LX,2024-03-19 06:31:20
H 644-LX,2024-03-19 06:31:24
4t,2024-03-19 06:31:29
Kt,2024-03-19 06:31:34
KEd,2024-03-19 06:31:39
Keit,2024-03-19 06:31:44
K8BARS,2024-03-19 06:31:49
RBBLRS,2024-03-19 06:31:53
RSBRS,2024-03-19 06:31:58
RBBERS,2024-03-19 06:32:03
K884-RS,2024-03-19 06:32:07
R884RS,2024-03-19 06:32:12
K8BARS,2024-03-19 06:32:17
KBB4RS,2024-03-19 06:32:21
K-884-RS,2024-03-19 06:32:26
KBB4RS,2024-03-19 06:32:30
K884 RS,2024-03-19 06:32:34
K884 RS,2024-03-19 06:32:39
K-884RS,2024-03-19 06:32:44
K884 RS,2024-03-19 06:32:48
K884 RS,2024-03-19 06:32:53
K884-RS,2024-03-19 06:32:58
K-884-RS,2024-03-19 06:33:02
K-884 RS,2024-03-19 06:33:06
K884 RS,2024-03-19 06:33:11
K.884 RS,2024-03-19 06:33:15
K.884 RS,2024-03-19 06:33:20
K884 RS,2024-03-19 06:33:25
K884 RS,2024-03-19 06:33:29
K884 RS,2024-03-19 06:33:33
K884 RSI,2024-03-19 06:33:38
K884 RS,2024-03-19 06:33:42
K884 RS,2024-03-19 06:33:46
K884RS,2024-03-19 06:33:53
K884 RS,2024-03-19 06:33:57
K884 RSL,2024-03-19 06:34:02
K884 RS,2024-03-19 06:34:07
K884 RS,2024-03-19 06:34:11
I884 RS,2024-03-19 06:34:15
K88A RS,2024-03-19 06:34:20
Btod,2024-03-19 06:34:24
66T7OZ,2024-03-19 06:34:29
66 FR 07,2024-03-19 06:34:34
66-44-07,2024-03-19 06:34:38
BFLOZ,2024-03-19 06:34:43
66-HH-Q7,2024-03-19 06:34:48
66-HH-07,2024-03-19 06:34:52
66-HH-07,2024-03-19 06:34:57
66-HH-07,2024-03-19 06:35:02
66-HA-0Z,2024-03-19 06:35:06
66-HH-07,2024-03-19 06:35:10
66-H4-07,2024-03-19 06:35:15
66-HA-Q7,2024-03-19 06:35:20
66-HA-07,2024-03-19 06:35:24
66-HH-07,2024-03-19 06:35:29
66-HH-07,2024-03-19 06:35:33
,2024-03-19 06:35:37
66-HH-07,2024-03-19 06:35:38
,2024-03-19 06:35:43
66-HH-07,2024-03-19 06:35:43
66-HH-07,2024-03-19 06:35:47
,2024-03-19 06:35:51
66-HH-07,2024-03-19 06:35:52
66-HH-07,2024-03-19 06:35:57
,2024-03-19 06:36:01
66-HH-07,2024-03-19 06:36:01
,2024-03-19 06:36:05
66-HH-07,2024-03-19 06:36:06
,2024-03-19 06:36:11
66-HH-07,2024-03-19 06:36:11
,2024-03-19 06:36:15
66-HH-07,2024-03-19 06:36:15
,2024-03-19 06:36:19
66-HH-07,2024-03-19 06:36:20
,2024-03-19 06:36:25
66-HH-07,2024-03-19 06:36:25
,2024-03-19 06:36:29
66-HH-07,2024-03-19 06:36:29
,2024-03-19 06:36:34
66-HH-07,2024-03-19 06:36:34
66-HH-0Z,2024-03-19 06:36:39
66-HH-0Z,2024-03-19 06:36:43
66-HH-0Z7,2024-03-19 06:36:48
66-HH-07,2024-03-19 06:36:53
66-HH-0Z,2024-03-19 06:36:57
66-HH-07,2024-03-19 06:37:02
66-HH-07,2024-03-19 06:37:07
66-HH-07,2024-03-19 06:37:11
66-HH-0Z,2024-03-19 06:37:16
66-HH-07,2024-03-19 06:37:20
66-HH 07,2024-03-19 06:37:25
66-HH-07,2024-03-19 06:37:29
66-HH-07,2024-03-19 06:37:34
66-HH-07,2024-03-19 06:37:39
66-HH 07,2024-03-19 06:37:46
66-HH 07,2024-03-19 06:37:50
66-HH-07,2024-03-19 06:37:54
66-HH-07,2024-03-19 06:38:00
66-HH-0Z,2024-03-19 06:38:04
66-HH-07,2024-03-19 06:38:08
66-HA-07,2024-03-19 06:38:13
66-HH-07,2024-03-19 06:38:18
66-HH-07,2024-03-19 06:38:22
66-HH-07,2024-03-19 06:38:27
66-HH-07,2024-03-19 06:38:32
66-HH-07,2024-03-19 06:38:36
,2024-03-19 06:38:41
66-HH-07,2024-03-19 06:38:42
,2024-03-19 06:38:46
66-HH-07,2024-03-19 06:38:46
66-HH-07,2024-03-19 06:38:50
,2024-03-19 06:38:50
66-HH-07,2024-03-19 06:38:56
66-HH-07,2024-03-19 06:39:00
66-HH-07,2024-03-19 06:39:04
66-HH-07,2024-03-19 06:39:10
66-HH-07,2024-03-19 06:39:14
66-HH-07,2024-03-19 06:39:18
66-HH-07,2024-03-19 06:39:24
66-HH-07,2024-03-19 06:39:28
66-HH-07,2024-03-19 06:39:33
66-HH-07,2024-03-19 06:39:38
66-HH-07,2024-03-19 06:39:43
66-HH-07,2024-03-19 06:39:47
66-HH-07,2024-03-19 06:39:52
66-HH-07,2024-03-19 06:39:57
66-HH-07,2024-03-19 06:40:01
66-HH-07,2024-03-19 06:40:06
66-HH-07,2024-03-19 06:40:11
66-HH-07,2024-03-19 06:40:15
66-HH-07,2024-03-19 06:40:20
66-HH-07,2024-03-19 06:40:24
66-HH-07,2024-03-19 06:40:29
NJ,2024-03-19 06:40:34
06 HH:U,2024-03-19 06:40:38
66 HH 07,2024-03-19 06:40:43
66 HH 0Z,2024-03-19 06:40:48
66 HH 0Z,2024-03-19 06:40:52
66 HH 07,2024-03-19 06:40:57
66 HH 07,2024-03-19 06:41:02
66*HH 07,2024-03-19 06:41:06
66 HH 07,2024-03-19 06:41:10
66 HH 0Z,2024-03-19 06:41:16
66-HH 07,2024-03-19 06:41:20
66 HH 07,2024-03-19 06:41:24
66-HH-07,2024-03-19 06:41:30
66-HH:07,2024-03-19 06:41:35
66 HH:07,2024-03-19 06:41:40
66-HH 07,2024-03-19 06:41:44
66-HH:0Z,2024-03-19 06:41:48
L6o5 HZ,2024-03-19 06:41:53
L6o5 HZ,2024-03-19 06:41:58
L6os-HZ,2024-03-19 06:42:02
Leos-HZ,2024-03-19 06:42:07
L6os Hz,2024-03-19 06:42:11
L6o5-HZ,2024-03-19 06:42:15
L605-HZ,2024-03-19 06:42:20
L6o5-HZ,2024-03-19 06:42:25
0605.HZ,2024-03-19 06:42:29
DoguZ,2024-03-19 06:42:33
BCUZ,2024-03-19 06:42:39
@E,2024-03-19 06:42:43
ECEl,2024-03-19 06:42:47
,2024-03-19 06:46:13
,2024-03-19 06:46:17
,2024-03-19 06:46:22
t,2024-03-19 06:46:26
Lo,2024-03-19 06:46:30
Lo,2024-03-19 06:46:35
,2024-03-19 06:46:39
[67,2024-03-19 06:46:40
IBE,2024-03-19 06:46:44
Le0s-FZ,2024-03-19 06:46:49
,2024-03-19 06:46:53
Le05 FZ,2024-03-19 06:46:53
{605-KZ,2024-03-19 06:46:57
{605.KZ,2024-03-19 06:47:02
{605H2,2024-03-19 06:47:06
L6osHZ,2024-03-19 06:47:10
L605-HZ,2024-03-19 06:47:15
L605-HZ,2024-03-19 06:47:19
L605.HZ,2024-03-19 06:47:23
L605.HZ,2024-03-19 06:47:28
,2024-03-19 06:47:33
L60s-HZ,2024-03-19 06:47:33
,2024-03-19 06:47:37
L6o5 HZ,2024-03-19 06:47:37
L6os Hz,2024-03-19 06:47:42
L6os-HZ,2024-03-19 06:47:46
L605-HZ,2024-03-19 06:47:50
6o5 HZ,2024-03-19 06:47:55
L6o5-HZ,2024-03-19 06:48:00
L605-HZ,2024-03-19 06:48:04
L6os HZ,2024-03-19 06:48:08
L6o5 HZ,2024-03-19 06:48:13
L6o5 HZ,2024-03-19 06:48:17
L6os HZ,2024-03-19 06:48:21
L6o5 HZ,2024-03-19 06:48:26
L6os HZ,2024-03-19 06:48:30
L6o5 HZ,2024-03-19 06:48:34
L6o5 HZ,2024-03-19 06:48:39
L6os HZ,2024-03-19 06:48:43
L6o5 HZ,2024-03-19 06:48:47
L605 HZ,2024-03-19 06:48:52
L6os-HZ,2024-03-19 06:48:56
L6o5 HZ,2024-03-19 06:49:00
L-605HZ,2024-03-19 06:49:06
L6o5 HZ,2024-03-19 06:49:10
605 HZ,2024-03-19 06:49:15
L605-HZ,2024-03-19 06:49:20
L605-HZ,2024-03-19 06:49:24
L6o5 HZ,2024-03-19 06:49:28
L605-HZ,2024-03-19 06:49:33
L6o5 HZ,2024-03-19 06:49:37
L6o5 HZ,2024-03-19 06:49:41
L6o5 HZ,2024-03-19 06:49:47
L605-HZ,2024-03-19 06:49:51
L6o5 HZ,2024-03-19 06:49:55
L6o5 HZ,2024-03-19 06:50:00
L6o5-HZ,2024-03-19 06:50:04
L6o5-HZ,2024-03-19 06:50:08
L6o5-HZ,2024-03-19 06:50:13
L605-HZ,2024-03-19 06:50:17
L6o5-HZ,2024-03-19 06:50:21
L6o5 HZ,2024-03-19 06:50:25
L605-HZ,2024-03-19 06:50:31
L6o5 HZ,2024-03-19 06:50:34
L-605-HZ,2024-03-19 06:50:38
L605-HZ,2024-03-19 06:50:44
L605-HZ,2024-03-19 06:50:48
L6os-HZ,2024-03-19 06:50:52
L 605-HZ,2024-03-19 06:50:57
Lj605-HZ,2024-03-19 06:51:01
L605-HZ,2024-03-19 06:51:05
L6o5 HZ,2024-03-19 06:51:10
L6o5 HZ,2024-03-19 06:51:14
L6o5-HZ,2024-03-19 06:51:18
L6o5-HZ,2024-03-19 06:51:22
L6o5-HZ,2024-03-19 06:51:27
L6o5 HZ,2024-03-19 06:51:31
L6o5 HZ,2024-03-19 06:51:35
L6o5 HZ,2024-03-19 06:51:40
L6os HZ,2024-03-19 06:51:44
L6os5 HZ,2024-03-19 06:51:48
L6os HZ,2024-03-19 06:51:53
L605-HZ,2024-03-19 06:51:57
L6o5-HZ,2024-03-19 06:52:01
L6os HZ,2024-03-19 06:52:06
Lbo5-HZ,2024-03-19 06:52:10
L605HZ,2024-03-19 06:52:14
L605-HZ,2024-03-19 06:52:19
L605HZ,2024-03-19 06:52:23
Leo5 HZ,2024-03-19 06:52:27
L605.HZ,2024-03-19 06:52:32
L6os HZ,2024-03-19 06:52:36
IL605 HZ,2024-03-19 06:52:40
L605.HZ,2024-03-19 06:52:44
I605 HZ,2024-03-19 06:52:49
L6o5.4Z,2024-03-19 06:52:53
L6o5 HZ,2024-03-19 06:52:57
L6o5HZ,2024-03-19 06:53:02
Eiic3,2024-03-19 06:53:07
Rh3,2024-03-19 06:53:12
R57-3,2024-03-19 06:53:17
KuL3,2024-03-19 06:53:21
Elic3,2024-03-19 06:53:25
2i3,2024-03-19 06:53:30
Khic3,2024-03-19 06:53:34
03,2024-03-19 06:53:37
,2024-03-19 06:53:43
C3,2024-03-19 06:53:47
,2024-03-19 06:53:50
,2024-03-19 06:53:56
,2024-03-19 06:53:59
,2024-03-19 06:54:03
,2024-03-19 06:54:08
,2024-03-19 06:54:13
,2024-03-19 06:56:45
J,2024-03-19 06:56:49
,2024-03-19 06:56:54
,2024-03-19 06:56:59
R-183 J,2024-03-19 07:16:45
R-183 F,2024-03-19 07:16:53
R-183 JF,2024-03-19 07:16:59
R-183 F,2024-03-19 07:17:04
R-183-JF,2024-03-19 07:17:08
R-IB3J,2024-03-19 07:17:12
R-183-F,2024-03-19 07:17:17
R-183-JF,2024-03-19 07:17:21
RIBBJ,2024-03-19 07:17:25
R-183 JF,2024-03-19 07:17:31
R-183-JF,2024-03-19 07:17:35
R-183-JF,2024-03-19 07:17:39
R-183-JF,2024-03-19 07:17:44
R-183-JF,2024-03-19 07:17:48
R-183-JF,2024-03-19 07:17:52
,2024-03-19 07:17:57
R-183-JF,2024-03-19 07:17:58
R1B3-JF,2024-03-19 07:18:01
R-1B3-JF,2024-03-19 07:18:05
R83-JF,2024-03-19 07:18:11
R183-JF,2024-03-19 07:18:15
R83-JF,2024-03-19 07:18:19
R183-JF,2024-03-19 07:18:24
R183-JF,2024-03-19 07:18:28
R-183-JF,2024-03-19 07:18:32
R-183-JF,2024-03-19 07:18:38
R-183-JF,2024-03-19 07:18:42
,2024-03-19 07:18:46
R183-JF,2024-03-19 07:18:47
,2024-03-19 07:18:52
R-183-JF,2024-03-19 07:18:53
R-183-JF,2024-03-19 07:18:57
R-183-JF,2024-03-19 07:19:01
,2024-03-19 07:19:06
R-183-JF,2024-03-19 07:19:07
,2024-03-19 07:19:11
R-183-JF,2024-03-19 07:19:11
,2024-03-19 07:19:15
R-183-JF,2024-03-19 07:19:15
,2024-03-19 07:19:21
R-183-JF,2024-03-19 07:19:21
,2024-03-19 07:19:26
R-183-JF,2024-03-19 07:19:26
R183-JF,2024-03-19 07:19:30
R-183-JF,2024-03-19 07:19:35
,2024-03-19 07:19:40
R.183-JF,2024-03-19 07:19:40
,2024-03-19 07:19:45
R-183-JF,2024-03-19 07:19:45
R-183-JF,2024-03-19 07:19:50
R-183-JF,2024-03-19 07:19:54
R-183-JF,2024-03-19 07:19:58
R-183-JF,2024-03-19 07:20:03
R183.JF,2024-03-19 07:20:07
R183-JF,2024-03-19 07:20:11
R183-JF,2024-03-19 07:20:16
R183-JF,2024-03-19 07:20:20
R183-JF,2024-03-19 07:20:24
R83-JF,2024-03-19 07:20:30
R183-JF,2024-03-19 07:20:35
"R-18, IF",2024-03-19 07:20:39
R18 ( Ir,2024-03-19 07:20:44
Ri8t,2024-03-19 07:20:48
R82I,2024-03-19 07:20:52
R-187 JF,2024-03-19 07:20:57
R-18TJF,2024-03-19 07:21:01
R-183 JF,2024-03-19 07:21:05
R183F,2024-03-19 07:21:11
,2024-03-19 07:21:14
,2024-03-19 07:21:18
,2024-03-19 07:21:24
,2024-03-19 07:21:28
,2024-03-19 07:21:28
,2024-03-19 07:21:32
,2024-03-19 07:21:32
9,2024-03-19 07:21:38
,2024-03-19 07:21:42
,2024-03-19 07:21:46
,2024-03-19 07:21:51
,2024-03-19 07:21:55
F,2024-03-19 07:21:59
Rie,2024-03-19 07:22:04
RoL,2024-03-19 07:22:08
F,2024-03-19 07:22:12
RbrD,2024-03-19 07:22:18
Rjen,2024-03-19 07:22:22
Rjarn,2024-03-19 07:22:26
Rn,2024-03-19 07:22:31
Rorn,2024-03-19 07:22:36
F8ln,2024-03-19 07:22:40
R8rl,2024-03-19 07:22:45
73ak-I,2024-03-19 07:22:49
78o4],2024-03-19 07:22:53
73e4-J4,2024-03-19 07:22:58
7884-4,2024-03-19 07:23:03
78e*4,2024-03-19 07:23:07
R8a4-JV,2024-03-19 07:23:11
7821,2024-03-19 07:23:16
Tbrz-Jv,2024-03-19 07:23:20
789rIv,2024-03-19 07:23:25
7894-J,2024-03-19 07:23:30
784M,2024-03-19 07:23:34
N-894-JV,2024-03-19 07:23:38
0BezJ,2024-03-19 07:23:43
4-894M,2024-03-19 07:23:47
N-894J,2024-03-19 07:23:51
N-894,2024-03-19 07:23:56
N894J,2024-03-19 07:24:00
N-894M,2024-03-19 07:24:04
N-894-Jv,2024-03-19 07:24:10
N-894-Jv,2024-03-19 07:24:14
N-894M,2024-03-19 07:24:18
N-894-JV,2024-03-19 07:24:23
N-894-JV,2024-03-19 07:24:27
N-894-JV,2024-03-19 07:24:33
N-894J,2024-03-19 07:24:38
N894J,2024-03-19 07:24:42
N-894JV,2024-03-19 07:24:46
N894-JV,2024-03-19 07:24:51
N-894J,2024-03-19 07:24:55
N894-V,2024-03-19 07:24:59
N894J,2024-03-19 07:25:04
N-894 JV,2024-03-19 07:25:08
N-894-JV,2024-03-19 07:25:12
N-894-JV,2024-03-19 07:25:18
L656Tr,2024-03-19 07:25:22
L-656 h,2024-03-19 07:25:26
L6s6 Xh,2024-03-19 07:25:31
L-65640,2024-03-19 07:25:35
,2024-03-19 07:25:40
Los63h,2024-03-19 07:25:40
Lo567,2024-03-19 07:25:45
L656TH,2024-03-19 07:25:49
L656xh,2024-03-19 07:25:53
L656XH,2024-03-19 07:25:59
,2024-03-19 07:26:03
L656 XH,2024-03-19 07:26:03
L656-XH,2024-03-19 07:26:07
L6s6-XH,2024-03-19 07:26:13
L6s6XH,2024-03-19 07:26:17
L6s6-XH,2024-03-19 07:26:21
L656-XH,2024-03-19 07:26:26
L656Xh,2024-03-19 07:26:30
(L656-XH,2024-03-19 07:26:34
L656 XH,2024-03-19 07:26:40
L656.XH,2024-03-19 07:26:44
[L656-XH,2024-03-19 07:26:48
L-656-XH,2024-03-19 07:26:53
L-656-XH,2024-03-19 07:26:57
L656-XH,2024-03-19 07:27:01
L656-XH,2024-03-19 07:27:07
L-656-XH,2024-03-19 07:27:11
1L-656-XH,2024-03-19 07:27:15
L656-XH,2024-03-19 07:27:20
L656-XH,2024-03-19 07:27:24
-656-XH,2024-03-19 07:27:28
L656.XH,2024-03-19 07:27:33
L656-XH,2024-03-19 07:27:38
L6s6-XH,2024-03-19 07:27:42
L656-XH,2024-03-19 07:27:46
L6s6-XH,2024-03-19 07:27:51
L-656-XH,2024-03-19 07:27:55
[656-XH,2024-03-19 07:28:00
L-656-XH,2024-03-19 07:28:05
656-XH,2024-03-19 07:28:09
L-656-XH,2024-03-19 07:28:13
L.656-XH,2024-03-19 07:28:18
L656XH,2024-03-19 07:28:22
L656-XH,2024-03-19 07:28:26
L656-XH,2024-03-19 07:28:33
L-656-XH,2024-03-19 07:28:37
L-656-XH,2024-03-19 07:28:41
L-656 XH,2024-03-19 07:28:47
L656 XH,2024-03-19 07:28:51
L-656-XH,2024-03-19 07:28:55
L656-XH,2024-03-19 07:29:00
L656-XH,2024-03-19 07:29:04
L656-XH,2024-03-19 07:29:08
L656XH,2024-03-19 07:29:13
L656 XH,2024-03-19 07:29:17
L-656XH,2024-03-19 07:29:21
L6s6-.XH,2024-03-19 07:29:27
L656-XH,2024-03-19 07:29:31
L656-XH,2024-03-19 07:29:35
L6s6-XH,2024-03-19 07:29:40
L6s6 XH,2024-03-19 07:29:44
L656 XH,2024-03-19 07:29:48
L656-XH,2024-03-19 07:29:53
L656.XH,2024-03-19 07:29:57
L656 XH,2024-03-19 07:30:01
L656-XH,2024-03-19 07:30:06
L656-XH,2024-03-19 07:30:11
L656 XH,2024-03-19 07:30:15
L;656 XH,2024-03-19 07:30:19
L656 XH,2024-03-19 07:30:24
L656 XH,2024-03-19 07:30:28
L6s6XH,2024-03-19 07:30:32
L656XH,2024-03-19 07:30:37
L656 XH,2024-03-19 07:30:41
L656XH,2024-03-19 07:30:45
L656XH,2024-03-19 07:30:50
L656 XH,2024-03-19 07:30:54
L656 XH,2024-03-19 07:30:58
L656 XH,2024-03-19 07:31:03
L656 XH,2024-03-19 07:31:07
L656 XH,2024-03-19 07:31:11
L656 XH,2024-03-19 07:31:16
"""L656 XR",2024-03-19 07:31:20
L656 XH,2024-03-19 07:31:24
L656 XH,2024-03-19 07:31:29
L658 XH,2024-03-19 07:31:33
L656 XH,2024-03-19 07:31:37
L656 XH,2024-03-19 07:31:41
C656 XH,2024-03-19 07:31:46
C656 XH,2024-03-19 07:31:50
,2024-03-19 07:31:54
[656 XH,2024-03-19 07:31:54
,2024-03-19 07:32:00
,2024-03-19 07:32:00
[656 XH,2024-03-19 07:32:00
L656 XH,2024-03-19 07:32:04
L656 KH,2024-03-19 07:32:08
Co5oXH,2024-03-19 07:32:13
L656XH,2024-03-19 07:32:17
C656 XH,2024-03-19 07:32:21
Co56 XH,2024-03-19 07:32:27
L656 XH,2024-03-19 07:32:32
EosoXu,2024-03-19 07:32:36
Loso Xu,2024-03-19 07:32:40
Los6 Xu,2024-03-19 07:32:45
,2024-03-19 07:32:49
,2024-03-19 07:32:53
,2024-03-19 07:32:58
,2024-03-19 07:33:02
FD,2024-03-19 07:33:06
Reh,2024-03-19 07:33:11
RAL,2024-03-19 07:33:15
60,2024-03-19 07:33:19
60,2024-03-19 07:33:25
Rrk,2024-03-19 07:33:25
6,2024-03-19 07:33:29
Ron,2024-03-19 07:33:29
Ran,2024-03-19 07:33:33
Ren,2024-03-19 07:33:38
ROAL,2024-03-19 07:33:42
Bn,2024-03-19 07:33:46
Ru,2024-03-19 07:33:52
Pok,2024-03-19 07:33:56
Bn,2024-03-19 07:34:00
RAn,2024-03-19 07:34:05
Kk,2024-03-19 07:34:09
Dl,2024-03-19 07:34:13
P644[,2024-03-19 07:34:18
0640,2024-03-19 07:34:22
364n,2024-03-19 07:34:26
06407,2024-03-19 07:34:32
Rb#X,2024-03-19 07:34:36
R6aLA,2024-03-19 07:34:40
@644LX,2024-03-19 07:34:45
RSALX,2024-03-19 07:34:49
06417,2024-03-19 07:34:53
064LA,2024-03-19 07:34:59
R6AL,2024-03-19 07:35:03
R6ALX,2024-03-19 07:35:07
R6ALX,2024-03-19 07:35:12
bALX,2024-03-19 07:35:16
4644LX,2024-03-19 07:35:20
0644LX,2024-03-19 07:35:25
4644LX,2024-03-19 07:35:30
4644LX,2024-03-19 07:35:34
4644LX,2024-03-19 07:35:38
H644LX,2024-03-19 07:35:43
4644-LX,2024-03-19 07:35:47
0644-LX,2024-03-19 07:35:51
H-644-LX,2024-03-19 07:35:56
H-644LX,2024-03-19 07:36:00
0644LX,2024-03-19 07:36:04
H644LX,2024-03-19 07:36:10
A644LX,2024-03-19 07:36:14
A644LX,2024-03-19 07:36:18
A644LX,2024-03-19 07:36:24
A.644-LX,2024-03-19 07:36:29
A-644-LX,2024-03-19 07:36:33
0-644-LX,2024-03-19 07:36:38
H-644LX,2024-03-19 07:36:42
H-644-LX,2024-03-19 07:36:46
H-644LX,2024-03-19 07:36:51
A-644LX,2024-03-19 07:36:56
H-644-LX,2024-03-19 07:37:00
A-644LX,2024-03-19 07:37:05
R644LX,2024-03-19 07:37:09
A-644LX,2024-03-19 07:37:13
A-644LX,2024-03-19 07:37:18
H-644-LX,2024-03-19 07:37:22
A-644-LX,2024-03-19 07:37:26
H.644-LX,2024-03-19 07:37:32
H644-LX,2024-03-19 07:37:36
H-644-LX,2024-03-19 07:37:40
H.644LX,2024-03-19 07:37:45
H644LX,2024-03-19 07:37:49
K644LXI,2024-03-19 07:37:59
H644LX,2024-03-19 07:38:03
H 644-LX,2024-03-19 07:38:07
4t,2024-03-19 07:38:12
Kt,2024-03-19 07:38:16
KEd,2024-03-19 07:38:21
Keit,2024-03-19 07:38:26
K8BARS,2024-03-19 07:38:31
RBBLRS,2024-03-19 07:38:35
RSBRS,2024-03-19 07:38:40
RBBERS,2024-03-19 07:38:44
K884-RS,2024-03-19 07:38:48
R884RS,2024-03-19 07:38:54
K8BARS,2024-03-19 07:38:58
KBB4RS,2024-03-19 07:39:02
K-884-RS,2024-03-19 07:39:07
KBB4RS,2024-03-19 07:39:11
K884 RS,2024-03-19 07:39:15
K884 RS,2024-03-19 07:39:21
K-884RS,2024-03-19 07:39:25
K884 RS,2024-03-19 07:39:29
K884 RS,2024-03-19 07:39:34
K884-RS,2024-03-19 07:39:39
K-884-RS,2024-03-19 07:39:43
K-884 RS,2024-03-19 07:39:48
K884 RS,2024-03-19 07:39:52
K.884 RS,2024-03-19 07:39:57
K.884 RS,2024-03-19 07:40:03
K884 RS,2024-03-19 07:40:07
K884 RS,2024-03-19 07:40:11
K884 RS,2024-03-19 07:40:17
K884 RSI,2024-03-19 07:40:22
K884 RS,2024-03-19 07:40:27
K884 RS,2024-03-19 07:40:32
K884RS,2024-03-19 07:40:37
K884 RS,2024-03-19 07:40:41
K884 RSL,2024-03-19 07:40:46
K884 RS,2024-03-19 07:40:50
K884 RS,2024-03-19 07:40:55
I884 RS,2024-03-19 07:41:00
K88A RS,2024-03-19 07:41:04
Btod,2024-03-19 07:41:09
66T7OZ,2024-03-19 07:41:14
66 FR 07,2024-03-19 07:41:18
66-44-07,2024-03-19 07:41:23
BFLOZ,2024-03-19 07:41:28
66-HH-Q7,2024-03-19 07:41:33
66-HH-07,2024-03-19 07:41:38
66-HH-07,2024-03-19 07:41:43
66-HH-07,2024-03-19 07:41:47
66-HA-0Z,2024-03-19 07:41:52
66-HH-07,2024-03-19 07:41:57
66-H4-07,2024-03-19 07:42:01
66-HA-Q7,2024-03-19 07:42:07
66-HA-07,2024-03-19 07:42:11
66-HH-07,2024-03-19 07:42:15
66-HH-07,2024-03-19 07:42:21
,2024-03-19 07:42:25
66-HH-07,2024-03-19 07:42:26
,2024-03-19 07:42:30
66-HH-07,2024-03-19 07:42:30
66-HH-07,2024-03-19 07:42:35
,2024-03-19 07:42:39
66-HH-07,2024-03-19 07:42:40
66-HH-07,2024-03-19 07:42:44
,2024-03-19 07:42:50
66-HH-07,2024-03-19 07:42:50
,2024-03-19 07:42:54
66-HH-07,2024-03-19 07:42:54
,2024-03-19 07:42:58
66-HH-07,2024-03-19 07:42:58
,2024-03-19 07:43:04
66-HH-07,2024-03-19 07:43:04
,2024-03-19 07:43:08
66-HH-07,2024-03-19 07:43:08
,2024-03-19 07:43:13
66-HH-07,2024-03-19 07:43:13
,2024-03-19 07:43:18
66-HH-07,2024-03-19 07:43:18
,2024-03-19 07:43:22
66-HH-07,2024-03-19 07:43:23
66-HH-0Z,2024-03-19 07:43:27
66-HH-0Z,2024-03-19 07:43:33
66-HH-0Z7,2024-03-19 07:43:37
66-HH-07,2024-03-19 07:43:42
66-HH-0Z,2024-03-19 07:43:47
66-HH-07,2024-03-19 07:43:51
66-HH-07,2024-03-19 07:43:56
66-HH-07,2024-03-19 07:44:01
66-HH-0Z,2024-03-19 07:44:05
66-HH-07,2024-03-19 07:44:10
66-HH 07,2024-03-19 07:44:15
66-HH-07,2024-03-19 07:44:19
66-HH-07,2024-03-19 07:44:27
66-HH-07,2024-03-19 07:44:31
66-HH 07,2024-03-19 07:44:35
66-HH 07,2024-03-19 07:44:41
66-HH-07,2024-03-19 07:44:45
66-HH-07,2024-03-19 07:44:49
66-HH-0Z,2024-03-19 07:44:55
66-HH-07,2024-03-19 07:44:59
66-HA-07,2024-03-19 07:45:03
66-HH-07,2024-03-19 07:45:09
66-HH-07,2024-03-19 07:45:13
66-HH-07,2024-03-19 07:45:18
66-HH-07,2024-03-19 07:45:23
66-HH-07,2024-03-19 07:45:28
,2024-03-19 07:45:32
66-HH-07,2024-03-19 07:45:32
,2024-03-19 07:45:37
66-HH-07,2024-03-19 07:45:37
66-HH-07,2024-03-19 07:45:41
,2024-03-19 07:45:42
66-HH-07,2024-03-19 07:45:46
66-HH-07,2024-03-19 07:45:51
66-HH-07,2024-03-19 07:45:55
66-HH-07,2024-03-19 07:45:59
66-HH-07,2024-03-19 07:46:05
66-HH-07,2024-03-19 07:46:09
66-HH-07,2024-03-19 07:46:13
66-HH-07,2024-03-19 07:46:18
66-HH-07,2024-03-19 07:46:22
66-HH-07,2024-03-19 07:46:26
66-HH-07,2024-03-19 07:46:32
66-HH-07,2024-03-19 07:46:36
66-HH-07,2024-03-19 07:46:40
66-HH-07,2024-03-19 07:46:46
66-HH-07,2024-03-19 07:46:50
66-HH-07,2024-03-19 07:46:54
66-HH-07,2024-03-19 07:46:59
66-HH-07,2024-03-19 07:47:03
66-HH-07,2024-03-19 07:47:07
66-HH-07,2024-03-19 07:47:12
66-HH-07,2024-03-19 07:47:16
NJ,2024-03-19 07:47:21
06 HH:U,2024-03-19 07:47:26
66 HH 07,2024-03-19 07:47:31
66 HH 0Z,2024-03-19 07:47:35
66 HH 0Z,2024-03-19 07:47:40
66 HH 07,2024-03-19 07:47:44
66 HH 07,2024-03-19 07:47:48
66*HH 07,2024-03-19 07:47:53
66 HH 07,2024-03-19 07:47:57
66 HH 0Z,2024-03-19 07:48:01
66-HH 07,2024-03-19 07:48:07
66 HH 07,2024-03-19 07:48:11
66-HH-07,2024-03-19 07:48:15
66-HH:07,2024-03-19 07:48:21
66 HH:07,2024-03-19 07:48:26
66-HH 07,2024-03-19 07:48:30
66-HH:0Z,2024-03-19 07:48:34
L6o5 HZ,2024-03-19 07:48:39
L6o5 HZ,2024-03-19 07:48:43
L6os-HZ,2024-03-19 07:48:47
Leos-HZ,2024-03-19 07:48:52
L6os Hz,2024-03-19 07:48:56
L6o5-HZ,2024-03-19 07:49:00
L605-HZ,2024-03-19 07:49:06
L6o5-HZ,2024-03-19 07:49:10
0605.HZ,2024-03-19 07:49:13
DoguZ,2024-03-19 07:49:19
BCUZ,2024-03-19 07:49:23
@E,2024-03-19 07:49:27
ECEl,2024-03-19 07:49:32
,2024-03-19 07:53:02
,2024-03-19 07:53:06
,2024-03-19 07:53:10
t,2024-03-19 07:53:15
Lo,2024-03-19 07:53:19
Lo,2024-03-19 07:53:23
,2024-03-19 07:53:28
[67,2024-03-19 07:53:29
IBE,2024-03-19 07:53:33
Le0s-FZ,2024-03-19 07:53:37
,2024-03-19 07:53:42
Le05 FZ,2024-03-19 07:53:42
{605-KZ,2024-03-19 07:53:46
{605.KZ,2024-03-19 07:53:50
{605H2,2024-03-19 07:53:56
L6osHZ,2024-03-19 07:53:59
L605-HZ,2024-03-19 07:54:03
L605-HZ,2024-03-19 07:54:09
L605.HZ,2024-03-19 07:54:13
L605.HZ,2024-03-19 07:54:17
,2024-03-19 07:54:22
L60s-HZ,2024-03-19 07:54:23
,2024-03-19 07:54:27
L6o5 HZ,2024-03-19 07:54:27
L6os Hz,2024-03-19 07:54:31
L6os-HZ,2024-03-19 07:54:36
L605-HZ,2024-03-19 07:54:40
6o5 HZ,2024-03-19 07:54:44
L6o5-HZ,2024-03-19 07:54:49
L605-HZ,2024-03-19 07:54:54
L6os HZ,2024-03-19 07:54:58
L6o5 HZ,2024-03-19 07:55:02
L6o5 HZ,2024-03-19 07:55:07
L6os HZ,2024-03-19 07:55:11
L6o5 HZ,2024-03-19 07:55:15
L6os HZ,2024-03-19 07:55:20
L6o5 HZ,2024-03-19 07:55:24
L6o5 HZ,2024-03-19 07:55:28
L6os HZ,2024-03-19 07:55:33
L6o5 HZ,2024-03-19 07:55:37
L605 HZ,2024-03-19 07:55:41
L6os-HZ,2024-03-19 07:55:47
L6o5 HZ,2024-03-19 07:55:51
L-605HZ,2024-03-19 07:55:55
L6o5 HZ,2024-03-19 07:56:00
605 HZ,2024-03-19 07:56:04
L605-HZ,2024-03-19 07:56:08
L605-HZ,2024-03-19 07:56:14
L6o5 HZ,2024-03-19 07:56:19
L605-HZ,2024-03-19 07:56:23
L6o5 HZ,2024-03-19 07:56:28
L6o5 HZ,2024-03-19 07:56:32
L6o5 HZ,2024-03-19 07:56:36
L605-HZ,2024-03-19 07:56:41
L6o5 HZ,2024-03-19 07:56:45
L6o5 HZ,2024-03-19 07:56:49
L6o5-HZ,2024-03-19 07:56:55
L6o5-HZ,2024-03-19 07:56:59
L6o5-HZ,2024-03-19 07:57:03
L605-HZ,2024-03-19 07:57:08
L6o5-HZ,2024-03-19 07:57:12
L6o5 HZ,2024-03-19 07:57:16
L605-HZ,2024-03-19 07:57:22
L6o5 HZ,2024-03-19 07:57:26
L-605-HZ,2024-03-19 07:57:30
L605-HZ,2024-03-19 07:57:35
L605-HZ,2024-03-19 07:57:39
L6os-HZ,2024-03-19 07:57:43
L 605-HZ,2024-03-19 07:57:48
Lj605-HZ,2024-03-19 07:57:52
L605-HZ,2024-03-19 07:57:56
L6o5 HZ,2024-03-19 07:58:01
L6o5 HZ,2024-03-19 07:58:06
L6o5-HZ,2024-03-19 07:58:10
L6o5-HZ,2024-03-19 07:58:14
L6o5-HZ,2024-03-19 07:58:19
L6o5 HZ,2024-03-19 07:58:23
L6o5 HZ,2024-03-19 07:58:27
L6o5 HZ,2024-03-19 07:58:32
L6os HZ,2024-03-19 07:58:36
L6os5 HZ,2024-03-19 07:58:40
L6os HZ,2024-03-19 07:58:45
L605-HZ,2024-03-19 07:58:49
L6o5-HZ,2024-03-19 07:58:53
L6os HZ,2024-03-19 07:58:58
Lbo5-HZ,2024-03-19 07:59:02
L605HZ,2024-03-19 07:59:06
L605-HZ,2024-03-19 07:59:12
L605HZ,2024-03-19 07:59:16
Leo5 HZ,2024-03-19 07:59:19
L605.HZ,2024-03-19 07:59:25
L6os HZ,2024-03-19 07:59:29
IL605 HZ,2024-03-19 07:59:33
L605.HZ,2024-03-19 07:59:38
I605 HZ,2024-03-19 07:59:42
L6o5.4Z,2024-03-19 07:59:46
L6o5 HZ,2024-03-19 07:59:50
L6o5HZ,2024-03-19 07:59:55
Eiic3,2024-03-19 07:59:59
Rh3,2024-03-19 08:00:04
R57-3,2024-03-19 08:00:09
KuL3,2024-03-19 08:00:14
Elic3,2024-03-19 08:00:19
2i3,2024-03-19 08:00:24
Khic3,2024-03-19 08:00:28
03,2024-03-19 08:00:33
,2024-03-19 08:00:37
C3,2024-03-19 08:00:41
,2024-03-19 08:00:45
,2024-03-19 08:00:50
,2024-03-19 08:00:54
,2024-03-19 08:00:58
,2024-03-19 08:01:04
,2024-03-19 08:01:08
,2024-03-19 08:03:47
J,2024-03-19 08:03:51
,2024-03-19 08:03:55
,2024-03-19 08:04:01
,2024-04-01 06:59:37
Hepet a,2024-04-01 06:59:39
Hawcevi,2024-04-01 06:59:40
du,2024-04-01 06:59:40
043e,2024-04-01 06:59:41
Waow7wawi,2024-04-01 06:59:41
"Moer""0a9j1",2024-04-01 06:59:41
Ja,2024-04-01 06:59:42
Hll,2024-04-01 06:59:43
Wigimd,2024-04-01 06:59:43
0n0e031,2024-04-01 06:59:43
Ftlpc,2024-04-01 06:59:44
ema63n,2024-04-01 06:59:44
yv e30l,2024-04-01 06:59:45
DLD=,2024-04-01 06:59:45
"Genev"" Qauf",2024-04-01 06:59:46
030evi Q 208,2024-04-01 06:59:46
DWrn,2024-04-01 06:59:47
MM,2024-04-01 06:59:47
BMRCL,2024-04-01 06:59:47
Dlnne,2024-04-01 06:59:47
"MYO ,",2024-04-01 06:59:47
0304v' 620,2024-04-01 06:59:48
"MeVO ,",2024-04-01 06:59:48
4nois,2024-04-01 06:59:48
"Medo ,",2024-04-01 06:59:49
BEHRCL,2024-04-01 06:59:49
Mn2,2024-04-01 06:59:49
83008 &,2024-04-01 06:59:49
MeIO ',2024-04-01 06:59:50
4104A J045z,2024-04-01 06:59:50
430 H0,2024-04-01 06:59:51
MeVO `,2024-04-01 06:59:51
4m0=,2024-04-01 06:59:52
HoInjQIS,2024-04-01 06:59:52
0,2024-04-01 06:59:52
SLk,2024-04-01 06:59:52
IptO,2024-04-01 06:59:53
MqIaJd 452,2024-04-01 06:59:53
Shb,2024-04-01 06:59:53
"Meto """,2024-04-01 06:59:54
WJo5z',2024-04-01 06:59:54
MidInJ0152,2024-04-01 06:59:54
aoul,2024-04-01 06:59:55
Kil,2024-04-01 06:59:55
KadinJ0 152,2024-04-01 06:59:55
EKadiaJo152,2024-04-01 06:59:56
Eid inj01521,2024-04-01 06:59:57
[4g16j015z,2024-04-01 06:59:57
M0J015z,2024-04-01 06:59:58
[m010152],2024-04-01 06:59:59
[[401LJ0152,2024-04-01 06:59:59
Em4ownJ0152,2024-04-01 07:00:01
"MPUO ,",2024-04-01 07:00:01
'[O1JO152,2024-04-01 07:00:02
FKowJ0152,2024-04-01 07:00:03
"MRUO ,",2024-04-01 07:00:04
"Metro """,2024-04-01 07:00:04
BMRC,2024-04-01 07:00:05
'K1o 1MJO 1521,2024-04-01 07:00:05
BMR,2024-04-01 07:00:06
MRtO,2024-04-01 07:00:06
[o1Jo1527,2024-04-01 07:00:06
"MBUU ,",2024-04-01 07:00:07
BM,2024-04-01 07:00:07
[Io40J01527,2024-04-01 07:00:07
Metu,2024-04-01 07:00:07
KaOIAJ0 1527,2024-04-01 07:00:08
MeUu,2024-04-01 07:00:08
KOIAJo 152,2024-04-01 07:00:08
[404J0 1527,2024-04-01 07:00:09
~Metu,2024-04-01 07:00:10
Kho10Jo 1521,2024-04-01 07:00:10
K4010Jo 1527,2024-04-01 07:00:11
KaoIMJo 152,2024-04-01 07:00:12
KaqIMJo 15271,2024-04-01 07:00:12
Kaq_R Jo 1521,2024-04-01 07:00:13
I01J0152,2024-04-01 07:00:15
61J01528,2024-04-01 07:00:16
0152,2024-04-01 07:00:17
BMR(,2024-04-01 07:00:20
Biv,2024-04-01 07:00:20
EMRCL,2024-04-01 07:00:23
EIRCL,2024-04-01 07:00:25
EIIRCL,2024-04-01 07:00:25
BIRCLI,2024-04-01 07:00:26
[Ex,2024-04-01 07:00:26
BIIRCL,2024-04-01 07:00:26
Hublov,2024-04-01 07:00:27
MiW,2024-04-01 07:00:27
BIVIR,2024-04-01 07:00:28
BIVIE,2024-04-01 07:00:28
Bl,2024-04-01 07:00:28
K51526,2024-04-01 07:00:29
coin5idg,2024-04-01 07:00:29
"MeUu ,",2024-04-01 07:00:29
[401n45t08,2024-04-01 07:00:29
IFCOHS,2024-04-01 07:00:30
Metu _,2024-04-01 07:00:30
LK4514536_,2024-04-01 07:00:30
KadINX5 4or],2024-04-01 07:00:30
MEEFU,2024-04-01 07:00:31
KB,2024-04-01 07:00:31
Cd5id,2024-04-01 07:00:31
Kib,2024-04-01 07:00:31
"Metu ,",2024-04-01 07:00:32
Tuim5od,2024-04-01 07:00:32
4351073627,2024-04-01 07:00:32
Ki,2024-04-01 07:00:32
MEEN,2024-04-01 07:00:33
Tiguiba,2024-04-01 07:00:33
44515362,2024-04-01 07:00:33
Meuo,2024-04-01 07:00:34
FK0Ink5lod,2024-04-01 07:00:34
(Metro,2024-04-01 07:00:34
Euldw,2024-04-01 07:00:34
Eun5vd,2024-04-01 07:00:35
Eulksd,2024-04-01 07:00:36
MeUO,2024-04-01 07:00:36
Ka51nsjg=,2024-04-01 07:00:36
(sda,2024-04-01 07:00:36
38,2024-04-01 07:00:37
Emsa,2024-04-01 07:00:37
KiE,2024-04-01 07:00:37
'Metro,2024-04-01 07:00:38
F0M8sI0A,2024-04-01 07:00:38
FMmema,2024-04-01 07:00:38
TW_,2024-04-01 07:00:39
Mblbid,2024-04-01 07:00:39
MbiZl,2024-04-01 07:00:40
K,2024-04-01 07:00:40
MRcL,2024-04-01 07:00:40
Kbiks36z,2024-04-01 07:00:41
EhEEZ,2024-04-01 07:00:41
Kskb,2024-04-01 07:00:42
WSJEz7,2024-04-01 07:00:43
KbauEui6z,2024-04-01 07:00:44
[5206u624,2024-04-01 07:00:45
E15ws2627,2024-04-01 07:00:45
E5u8s9627,2024-04-01 07:00:46
MCUD,2024-04-01 07:00:46
Kas IkS3677,2024-04-01 07:00:47
BBMRCL,2024-04-01 07:00:47
{K5ES2627,2024-04-01 07:00:47
MMero,2024-04-01 07:00:47
Pa,2024-04-01 07:00:48
35w52627,2024-04-01 07:00:48
KX,2024-04-01 07:00:48
EK45 1S36271,2024-04-01 07:00:48
(MLUO,2024-04-01 07:00:49
E0516s3627,2024-04-01 07:00:49
{0151452627,2024-04-01 07:00:50
[0454s3627,2024-04-01 07:00:50
MELO,2024-04-01 07:00:51
Fki514s7527,2024-04-01 07:00:51
u,2024-04-01 07:00:51
[645 1kS3627,2024-04-01 07:00:52
EK4510S3627,2024-04-01 07:00:53
1K151kS3627,2024-04-01 07:00:53
AFcohS,2024-04-01 07:00:53
EK4510S3S27,2024-04-01 07:00:53
BMF,2024-04-01 07:00:54
K451S3627,2024-04-01 07:00:54
Ka57053627,2024-04-01 07:00:54
K4514S3627,2024-04-01 07:00:55
EKa57RS3627,2024-04-01 07:00:55
~Ka51KS3627,2024-04-01 07:00:55
Ka518S3627,2024-04-01 07:00:56
Ka5 1HS3627,2024-04-01 07:00:56
Ka5iRS3627|,2024-04-01 07:00:57
WjheLc },2024-04-01 07:00:57
WPWEHeLc ],2024-04-01 07:00:58
Ka51KS3627,2024-04-01 07:00:59
Med,2024-04-01 07:00:59
Ka5 1kS3627,2024-04-01 07:00:59
Ka5 1kS3627_,2024-04-01 07:01:00
@aud,2024-04-01 07:01:01
d,2024-04-01 07:01:01
53627,2024-04-01 07:01:01
518S3627,2024-04-01 07:01:02
51kS3627,2024-04-01 07:01:02
Wilumezr,2024-04-01 07:01:02
Wiad,2024-04-01 07:01:03
JaSii,2024-04-01 07:01:03
Wibveld,2024-04-01 07:01:03
WIeueLa,2024-04-01 07:01:03
Ilbveld,2024-04-01 07:01:04
WlbveLLG,2024-04-01 07:01:04
Wibveqq],2024-04-01 07:01:04
Wryed 4o,2024-04-01 07:01:04
Udlupi Gia,2024-04-01 07:01:05
Llleue4a,2024-04-01 07:01:05
EH,2024-04-01 07:01:05
Wp4bulq],2024-04-01 07:01:05
yalua,2024-04-01 07:01:05
Wpieldd,2024-04-01 07:01:06
Welbuglld,2024-04-01 07:01:06
Walbuslld,2024-04-01 07:01:06
LUPi4bVgLLI,2024-04-01 07:01:07
WpLLousLLn,2024-04-01 07:01:07
WpiLdugLa,2024-04-01 07:01:07
[@Pilouellal,2024-04-01 07:01:08
VPLLbNGLLDI,2024-04-01 07:01:08
Ltn,2024-04-01 07:01:08
Udupl ,2024-04-01 07:01:09
BrRCL,2024-04-01 07:01:09
Udupl,2024-04-01 07:01:09
Ihelu ,2024-04-01 07:01:10
Mlinu _,2024-04-01 07:01:10
Meyn _,2024-04-01 07:01:10
letru ,2024-04-01 07:01:11
Meto ^,2024-04-01 07:01:12
'BMRCL,2024-04-01 07:01:12
uikd95e,2024-04-01 07:01:13
"Megro ,",2024-04-01 07:01:13
WBMRCL,2024-04-01 07:01:13
Vd In;-95E,2024-04-01 07:01:15
Megfo =,2024-04-01 07:01:15
UL01n5435,2024-04-01 07:01:16
Metfo ^,2024-04-01 07:01:16
Metto .,2024-04-01 07:01:17
Ka 1054956,2024-04-01 07:01:18
LliIKEL,2024-04-01 07:01:19
Ietto -,2024-04-01 07:01:19
Luq Inl356,2024-04-01 07:01:20
Osidosoz,2024-04-01 07:01:20
BMI,2024-04-01 07:01:20
Wules,2024-04-01 07:01:21
Metro -,2024-04-01 07:01:21
07150150207,2024-04-01 07:01:21
LdLsc95,2024-04-01 07:01:21
LLE95],2024-04-01 07:01:22
aesq,2024-04-01 07:01:22
Lal95,2024-04-01 07:01:22
Eisicro nz,2024-04-01 07:01:23
Ls5,2024-04-01 07:01:23
Ls95,2024-04-01 07:01:24
Mds95,2024-04-01 07:01:24
AladInS 4956,2024-04-01 07:01:25
Llao Is 4956,2024-04-01 07:01:26
Me,2024-04-01 07:01:26
AROI_,2024-04-01 07:01:26
KadIns 4950,2024-04-01 07:01:27
KadInS4950,2024-04-01 07:01:28
FAd Is 4956,2024-04-01 07:01:28
BIRCL,2024-04-01 07:01:29
FadIas4956,2024-04-01 07:01:29
KadIns(956,2024-04-01 07:01:29
FaldIns(956,2024-04-01 07:01:30
EE,2024-04-01 07:01:30
aadAas 4956,2024-04-01 07:01:31
IBMRCL,2024-04-01 07:01:31
Kald1054956,2024-04-01 07:01:32
KadInS (956,2024-04-01 07:01:33
Kisarusoz,2024-04-01 07:01:33
Kadias4956,2024-04-01 07:01:34
Ksaru5oz,2024-04-01 07:01:34
[BMRCL,2024-04-01 07:01:34
AadIns4958,2024-04-01 07:01:34
Mgaru5oz,2024-04-01 07:01:35
JB,2024-04-01 07:01:35
[Mdlas7958,2024-04-01 07:01:35
aru50z,2024-04-01 07:01:35
LKd1HS(956,2024-04-01 07:01:36
"""KasIMRO5O?",2024-04-01 07:01:36
LKAd1NS(956,2024-04-01 07:01:37
FKAs LHRO5O7,2024-04-01 07:01:37
LKAd1NS4956,2024-04-01 07:01:38
BMIRCL,2024-04-01 07:01:38
{KAd1hS7956,2024-04-01 07:01:39
EKas IMRO507,2024-04-01 07:01:39
EKas imR0507,2024-04-01 07:01:40
[BMIRC,2024-04-01 07:01:40
RKi138 ,2024-04-01 07:01:41
Ekas 1R05o7,2024-04-01 07:01:41
LKAd1hs4956,2024-04-01 07:01:41
olszs5,2024-04-01 07:01:42
Ekas IMR0507,2024-04-01 07:01:43
BIIR,2024-04-01 07:01:43
84ols/958,2024-04-01 07:01:43
"""Kasinr0so",2024-04-01 07:01:43
840ls/958,2024-04-01 07:01:44
BMIF,2024-04-01 07:01:44
LMS7956,2024-04-01 07:01:45
EsirosC,2024-04-01 07:01:45
LdS7956,2024-04-01 07:01:45
Ku,2024-04-01 07:01:46
LKoS4958,2024-04-01 07:01:46
Exasliros,2024-04-01 07:01:46
LOS(956,2024-04-01 07:01:47
BMRCL_,2024-04-01 07:01:47
Kiu,2024-04-01 07:01:47
Lo5z956,2024-04-01 07:01:47
ExasILRO,2024-04-01 07:01:47
Lo57956,2024-04-01 07:01:48
EKAsIP,2024-04-01 07:01:48
LMSt956,2024-04-01 07:01:49
"EKast""",2024-04-01 07:01:49
LoIS(956,2024-04-01 07:01:50
EKas_,2024-04-01 07:01:50
Llst9s6,2024-04-01 07:01:50
Est956,2024-04-01 07:01:51
LEoist958,2024-04-01 07:01:51
Eoiist958,2024-04-01 07:01:51
Ldisc95s,2024-04-01 07:01:52
Ldins(9sq,2024-04-01 07:01:53
Ke,2024-04-01 07:01:53
LKAOISLSSE,2024-04-01 07:01:53
LKOIS(SSE,2024-04-01 07:01:54
LWutsse,2024-04-01 07:01:55
LdLS95,2024-04-01 07:01:56
Lss5,2024-04-01 07:01:56
Ri,2024-04-01 07:01:56
Ldk958,2024-04-01 07:01:56
KLT,2024-04-01 07:01:57
AKAILs (956,2024-04-01 07:01:57
LS95,2024-04-01 07:01:58
WuwsSse,2024-04-01 07:01:59
WuwSSse,2024-04-01 07:01:59
Wuo1,2024-04-01 07:01:59
Lnusts56,2024-04-01 07:02:00
Muissse,2024-04-01 07:02:00
MuIESs,2024-04-01 07:02:01
Mus95,2024-04-01 07:02:01
Auases,2024-04-01 07:02:01
MuL5e,2024-04-01 07:02:02
Msi,2024-04-01 07:02:03
BIRCI,2024-04-01 07:02:03
sse,2024-04-01 07:02:04
HIDI,2024-04-01 07:02:04
WWI,2024-04-01 07:02:04
WLSEI,2024-04-01 07:02:05
Qoiasess,2024-04-01 07:02:05
BMIRC,2024-04-01 07:02:06
MUDS,2024-04-01 07:02:06
Arcons,2024-04-01 07:02:07
apcons,2024-04-01 07:02:07
Tetro,2024-04-01 07:02:23
MFTOnS,2024-04-01 07:02:25
URL,2024-04-01 07:02:25
98,2024-04-01 07:02:25
QnS,2024-04-01 07:02:26
BMRCI,2024-04-01 07:02:31
BMRCL ,2024-04-01 07:02:33
BMRCL;,2024-04-01 07:02:34
GWRC],2024-04-01 07:02:40
BXrcz;,2024-04-01 07:02:40
BHRCL,2024-04-01 07:02:41
BHRC,2024-04-01 07:02:41
Mxfo,2024-04-01 07:02:42
Nkfo,2024-04-01 07:02:43
"MHO ,",2024-04-01 07:02:43
"Wetfo ,",2024-04-01 07:02:43
(BMRCL,2024-04-01 07:02:43
dOO _,2024-04-01 07:02:44
Met0 _,2024-04-01 07:02:44
IIpUfO ,2024-04-01 07:02:44
MSI,2024-04-01 07:02:44
MIpUfO _,2024-04-01 07:02:45
Mpefo _,2024-04-01 07:02:45
Jaatm ^,2024-04-01 07:02:45
Mhegm,2024-04-01 07:02:45
"Mietco ,",2024-04-01 07:02:45
teefd,2024-04-01 07:02:45
Ue ^,2024-04-01 07:02:46
Ielo ^,2024-04-01 07:02:46
MeUO^,2024-04-01 07:02:46
Imelto ,2024-04-01 07:02:47
JR-UF,2024-04-01 07:02:47
Mclfo,2024-04-01 07:02:47
metto `,2024-04-01 07:02:48
IIp,2024-04-01 07:02:48
metfo,2024-04-01 07:02:48
Uzvo,2024-04-01 07:02:48
mettd,2024-04-01 07:02:49
Metfo,2024-04-01 07:02:49
meto,2024-04-01 07:02:50
Welm,2024-04-01 07:02:50
menfo,2024-04-01 07:02:50
(mego,2024-04-01 07:02:50
mxmh,2024-04-01 07:02:51
Metm,2024-04-01 07:02:51
metrd,2024-04-01 07:02:51
melth,2024-04-01 07:02:51
Meto,2024-04-01 07:02:51
IMetco,2024-04-01 07:02:52
(Metco,2024-04-01 07:02:52
Metro,2024-04-01 07:02:52
KKelr',2024-04-01 07:02:52
Mequ,2024-04-01 07:02:52
Metro |,2024-04-01 07:02:52
Uuequ,2024-04-01 07:02:53
Wietu,2024-04-01 07:02:53
(Wedu,2024-04-01 07:02:53
Wem,2024-04-01 07:02:54
(Wemu ,2024-04-01 07:02:54
Wercu,2024-04-01 07:02:54
Teru,2024-04-01 07:02:54
Vm,2024-04-01 07:02:55
mema,2024-04-01 07:02:55
Mnedcu,2024-04-01 07:02:55
Medt,2024-04-01 07:02:55
Smet,2024-04-01 07:02:55
npgou,2024-04-01 07:02:56
metfu,2024-04-01 07:02:56
K417K,2024-04-01 07:02:56
4-03,2024-04-01 07:03:00
4036,2024-04-01 07:03:02
4Z,2024-04-01 07:03:03
67u7,2024-04-01 07:03:05
T,2024-04-01 07:03:06
T0,2024-04-01 07:03:06
6t9mu,2024-04-01 07:03:10
wtam,2024-04-01 07:03:11
LS,2024-04-01 07:03:12
Mosakdd,2024-04-01 07:03:22
Imk,2024-04-01 07:03:22
Wiood,2024-04-01 07:03:22
Eqn,2024-04-01 07:03:23
USL,2024-04-01 07:03:23
VESLk,2024-04-01 07:03:24
Wosuh,2024-04-01 07:03:24
WuuI,2024-04-01 07:03:24
Esmng,2024-04-01 07:03:24
Kiosa4qo81,2024-04-01 07:03:25
MOskI,2024-04-01 07:03:25
Woskdd,2024-04-01 07:03:25
Vug,2024-04-01 07:03:25
LdsLlse,2024-04-01 07:03:26
LalusljoI,2024-04-01 07:03:26
Kd5jdd,2024-04-01 07:03:26
Ri0suub0J,2024-04-01 07:03:27
K105Lz051,2024-04-01 07:03:27
64057K3091,2024-04-01 07:03:28
KnOsAKdoJue,2024-04-01 07:03:28
Laosaloob1,2024-04-01 07:03:29
AKaosa6dobI,2024-04-01 07:03:29
Rao5a3091,2024-04-01 07:03:30
LRadsakzosu,2024-04-01 07:03:30
Kl05ak3081,2024-04-01 07:03:30
Ka0sakj094,2024-04-01 07:03:31
Fl 0,2024-04-01 07:03:31
K405442091,2024-04-01 07:03:31
'K0i,2024-04-01 07:03:32
Raosazd9u,2024-04-01 07:03:32
KKF,2024-04-01 07:03:32
Kan5auzosu,2024-04-01 07:03:32
KA0i,2024-04-01 07:03:33
KansazO9uL,2024-04-01 07:03:33
KATO!,2024-04-01 07:03:33
'K40542091],2024-04-01 07:03:33
4a,2024-04-01 07:03:34
K405442091],2024-04-01 07:03:34
Ka054k20917,2024-04-01 07:03:34
KA 01,2024-04-01 07:03:34
Ka054k2081],2024-04-01 07:03:35
KKA 04,2024-04-01 07:03:35
K40544309H,2024-04-01 07:03:35
HP 2801,2024-04-01 07:03:35
Kaosa_ds,2024-04-01 07:03:35
KaOsI,2024-04-01 07:03:36
Ka 0 #,2024-04-01 07:03:36
KaOsa,2024-04-01 07:03:36
KIOs,2024-04-01 07:03:36
Uih,2024-04-01 07:03:37
4171,2024-04-01 07:03:38
2107,2024-04-01 07:03:39
,2024-04-01 07:24:44
Hepet a,2024-04-01 07:24:45
Hawcevi,2024-04-01 07:24:46
du,2024-04-01 07:24:46
043e,2024-04-01 07:24:46
Waow7wawi,2024-04-01 07:24:47
"Moer""0a9j1",2024-04-01 07:24:47
Ja,2024-04-01 07:24:48
Hll,2024-04-01 07:24:49
Wigimd,2024-04-01 07:24:49
0n0e031,2024-04-01 07:24:49
Ftlpc,2024-04-01 07:24:50
ema63n,2024-04-01 07:24:50
yv e30l,2024-04-01 07:24:51
DLD=,2024-04-01 07:24:51
"Genev"" Qauf",2024-04-01 07:24:52
030evi Q 208,2024-04-01 07:24:52
DWrn,2024-04-01 07:24:53
MM,2024-04-01 07:24:53
BMRCL,2024-04-01 07:24:53
Dlnne,2024-04-01 07:24:53
"MYO ,",2024-04-01 07:24:54
0304v' 620,2024-04-01 07:24:55
"MeVO ,",2024-04-01 07:24:55
4nois,2024-04-01 07:24:55
"Medo ,",2024-04-01 07:24:56
BEHRCL,2024-04-01 07:24:56
Mn2,2024-04-01 07:24:56
83008 &,2024-04-01 07:24:57
MeIO ',2024-04-01 07:24:57
4104A J045z,2024-04-01 07:24:57
430 H0,2024-04-01 07:24:57
MeVO `,2024-04-01 07:24:58
4m0=,2024-04-01 07:24:58
HoInjQIS,2024-04-01 07:24:58
0,2024-04-01 07:24:59
SLk,2024-04-01 07:24:59
IptO,2024-04-01 07:24:59
MqIaJd 452,2024-04-01 07:24:59
Shb,2024-04-01 07:25:00
"Meto """,2024-04-01 07:25:00
WJo5z',2024-04-01 07:25:00
MidInJ0152,2024-04-01 07:25:01
aoul,2024-04-01 07:25:01
Kil,2024-04-01 07:25:01
KadinJ0 152,2024-04-01 07:25:02
EKadiaJo152,2024-04-01 07:25:02
Eid inj01521,2024-04-01 07:25:03
[4g16j015z,2024-04-01 07:25:04
M0J015z,2024-04-01 07:25:05
[m010152],2024-04-01 07:25:05
[[401LJ0152,2024-04-01 07:25:06
Em4ownJ0152,2024-04-01 07:25:07
"MPUO ,",2024-04-01 07:25:08
'[O1JO152,2024-04-01 07:25:09
FKowJ0152,2024-04-01 07:25:10
"MRUO ,",2024-04-01 07:25:11
"Metro """,2024-04-01 07:25:11
BMRC,2024-04-01 07:25:12
'K1o 1MJO 1521,2024-04-01 07:25:12
BMR,2024-04-01 07:25:12
MRtO,2024-04-01 07:25:12
[o1Jo1527,2024-04-01 07:25:13
"MBUU ,",2024-04-01 07:25:13
BM,2024-04-01 07:25:13
[Io40J01527,2024-04-01 07:25:14
Metu,2024-04-01 07:25:14
KaOIAJ0 1527,2024-04-01 07:25:14
MeUu,2024-04-01 07:25:15
KOIAJo 152,2024-04-01 07:25:15
[404J0 1527,2024-04-01 07:25:15
~Metu,2024-04-01 07:25:16
Kho10Jo 1521,2024-04-01 07:25:16
K4010Jo 1527,2024-04-01 07:25:17
KaoIMJo 152,2024-04-01 07:25:18
KaqIMJo 15271,2024-04-01 07:25:19
Kaq_R Jo 1521,2024-04-01 07:25:20
I01J0152,2024-04-01 07:25:22
61J01528,2024-04-01 07:25:24
0152,2024-04-01 07:25:25
BMR(,2024-04-01 07:25:26
Biv,2024-04-01 07:25:27
EMRCL,2024-04-01 07:25:30
EIRCL,2024-04-01 07:25:32
EIIRCL,2024-04-01 07:25:32
BIRCLI,2024-04-01 07:25:33
[Ex,2024-04-01 07:25:33
BIIRCL,2024-04-01 07:25:33
Hublov,2024-04-01 07:25:34
MiW,2024-04-01 07:25:34
BIVIR,2024-04-01 07:25:35
BIVIE,2024-04-01 07:25:35
Bl,2024-04-01 07:25:36
K51526,2024-04-01 07:25:36
coin5idg,2024-04-01 07:25:37
"MeUu ,",2024-04-01 07:25:37
[401n45t08,2024-04-01 07:25:37
IFCOHS,2024-04-01 07:25:38
Metu _,2024-04-01 07:25:38
LK4514536_,2024-04-01 07:25:38
KadINX5 4or],2024-04-01 07:25:39
MEEFU,2024-04-01 07:25:39
KB,2024-04-01 07:25:39
Cd5id,2024-04-01 07:25:39
Kib,2024-04-01 07:25:39
"Metu ,",2024-04-01 07:25:39
Tuim5od,2024-04-01 07:25:40
4351073627,2024-04-01 07:25:40
Ki,2024-04-01 07:25:40
MEEN,2024-04-01 07:25:40
Tiguiba,2024-04-01 07:25:40
44515362,2024-04-01 07:25:40
Meuo,2024-04-01 07:25:41
FK0Ink5lod,2024-04-01 07:25:41
(Metro,2024-04-01 07:25:41
Euldw,2024-04-01 07:25:42
Eun5vd,2024-04-01 07:25:42
Eulksd,2024-04-01 07:25:43
MeUO,2024-04-01 07:25:44
Ka51nsjg=,2024-04-01 07:25:44
(sda,2024-04-01 07:25:44
38,2024-04-01 07:25:44
Emsa,2024-04-01 07:25:45
KiE,2024-04-01 07:25:45
'Metro,2024-04-01 07:25:45
F0M8sI0A,2024-04-01 07:25:45
FMmema,2024-04-01 07:25:46
TW_,2024-04-01 07:25:46
Mblbid,2024-04-01 07:25:47
MbiZl,2024-04-01 07:25:47
K,2024-04-01 07:25:48
MRcL,2024-04-01 07:25:48
Kbiks36z,2024-04-01 07:25:48
EhEEZ,2024-04-01 07:25:49
Kskb,2024-04-01 07:25:50
WSJEz7,2024-04-01 07:25:51
KbauEui6z,2024-04-01 07:25:53
[5206u624,2024-04-01 07:25:53
E15ws2627,2024-04-01 07:25:54
E5u8s9627,2024-04-01 07:25:54
MCUD,2024-04-01 07:25:54
Kas IkS3677,2024-04-01 07:25:55
BBMRCL,2024-04-01 07:25:55
{K5ES2627,2024-04-01 07:25:55
MMero,2024-04-01 07:25:55
Pa,2024-04-01 07:25:55
35w52627,2024-04-01 07:25:56
KX,2024-04-01 07:25:56
EK45 1S36271,2024-04-01 07:25:56
(MLUO,2024-04-01 07:25:57
E0516s3627,2024-04-01 07:25:57
{0151452627,2024-04-01 07:25:58
[0454s3627,2024-04-01 07:25:58
MELO,2024-04-01 07:25:59
Fki514s7527,2024-04-01 07:25:59
u,2024-04-01 07:25:59
[645 1kS3627,2024-04-01 07:26:00
EK4510S3627,2024-04-01 07:26:01
1K151kS3627,2024-04-01 07:26:01
AFcohS,2024-04-01 07:26:01
EK4510S3S27,2024-04-01 07:26:02
BMF,2024-04-01 07:26:02
K451S3627,2024-04-01 07:26:02
Ka57053627,2024-04-01 07:26:03
K4514S3627,2024-04-01 07:26:03
EKa57RS3627,2024-04-01 07:26:03
~Ka51KS3627,2024-04-01 07:26:04
Ka518S3627,2024-04-01 07:26:05
Ka5 1HS3627,2024-04-01 07:26:06
Ka5iRS3627|,2024-04-01 07:26:06
WjheLc },2024-04-01 07:26:07
WPWEHeLc ],2024-04-01 07:26:07
Ka51KS3627,2024-04-01 07:26:08
Med,2024-04-01 07:26:08
Ka5 1kS3627,2024-04-01 07:26:08
Ka5 1kS3627_,2024-04-01 07:26:09
@aud,2024-04-01 07:26:09
d,2024-04-01 07:26:09
53627,2024-04-01 07:26:10
518S3627,2024-04-01 07:26:10
51kS3627,2024-04-01 07:26:11
Wilumezr,2024-04-01 07:26:11
Wiad,2024-04-01 07:26:11
JaSii,2024-04-01 07:26:11
Wibveld,2024-04-01 07:26:12
WIeueLa,2024-04-01 07:26:12
Ilbveld,2024-04-01 07:26:12
WlbveLLG,2024-04-01 07:26:12
Wibveqq],2024-04-01 07:26:13
Wryed 4o,2024-04-01 07:26:13
Udlupi Gia,2024-04-01 07:26:13
Llleue4a,2024-04-01 07:26:13
EH,2024-04-01 07:26:14
Wp4bulq],2024-04-01 07:26:14
yalua,2024-04-01 07:26:14
Wpieldd,2024-04-01 07:26:14
Welbuglld,2024-04-01 07:26:15
Walbuslld,2024-04-01 07:26:15
LUPi4bVgLLI,2024-04-01 07:26:15
WpLLousLLn,2024-04-01 07:26:16
WpiLdugLa,2024-04-01 07:26:16
[@Pilouellal,2024-04-01 07:26:16
VPLLbNGLLDI,2024-04-01 07:26:17
Ltn,2024-04-01 07:26:18
Udupl ,2024-04-01 07:26:18
BrRCL,2024-04-01 07:26:18
Udupl,2024-04-01 07:26:18
Ihelu ,2024-04-01 07:26:19
Mlinu _,2024-04-01 07:26:20
Meyn _,2024-04-01 07:26:20
letru ,2024-04-01 07:26:21
Meto ^,2024-04-01 07:26:21
'BMRCL,2024-04-01 07:26:22
uikd95e,2024-04-01 07:26:22
"Megro ,",2024-04-01 07:26:22
WBMRCL,2024-04-01 07:26:23
Vd In;-95E,2024-04-01 07:26:24
Megfo =,2024-04-01 07:26:24
UL01n5435,2024-04-01 07:26:25
Metfo ^,2024-04-01 07:26:25
Metto .,2024-04-01 07:26:26
Ka 1054956,2024-04-01 07:26:27
LliIKEL,2024-04-01 07:26:28
Ietto -,2024-04-01 07:26:28
Luq Inl356,2024-04-01 07:26:29
Osidosoz,2024-04-01 07:26:29
BMI,2024-04-01 07:26:29
Wules,2024-04-01 07:26:30
Metro -,2024-04-01 07:26:30
07150150207,2024-04-01 07:26:30
LdLsc95,2024-04-01 07:26:31
LLE95],2024-04-01 07:26:32
aesq,2024-04-01 07:26:32
Lal95,2024-04-01 07:26:32
Eisicro nz,2024-04-01 07:26:33
Ls5,2024-04-01 07:26:33
Ls95,2024-04-01 07:26:34
Mds95,2024-04-01 07:26:34
AladInS 4956,2024-04-01 07:26:35
Llao Is 4956,2024-04-01 07:26:36
Me,2024-04-01 07:26:36
AROI_,2024-04-01 07:26:36
KadIns 4950,2024-04-01 07:26:36
KadInS4950,2024-04-01 07:26:37
FAd Is 4956,2024-04-01 07:26:38
BIRCL,2024-04-01 07:26:38
FadIas4956,2024-04-01 07:26:38
KadIns(956,2024-04-01 07:26:39
FaldIns(956,2024-04-01 07:26:39
EE,2024-04-01 07:26:40
aadAas 4956,2024-04-01 07:26:40
IBMRCL,2024-04-01 07:26:41
Kald1054956,2024-04-01 07:26:41
KadInS (956,2024-04-01 07:26:42
Kisarusoz,2024-04-01 07:26:43
Kadias4956,2024-04-01 07:26:43
Ksaru5oz,2024-04-01 07:26:43
[BMRCL,2024-04-01 07:26:44
AadIns4958,2024-04-01 07:26:44
Mgaru5oz,2024-04-01 07:26:44
JB,2024-04-01 07:26:45
[Mdlas7958,2024-04-01 07:26:45
aru50z,2024-04-01 07:26:45
LKd1HS(956,2024-04-01 07:26:46
"""KasIMRO5O?",2024-04-01 07:26:46
LKAd1NS(956,2024-04-01 07:26:48
FKAs LHRO5O7,2024-04-01 07:26:48
LKAd1NS4956,2024-04-01 07:26:48
BMIRCL,2024-04-01 07:26:49
{KAd1hS7956,2024-04-01 07:26:49
EKas IMRO507,2024-04-01 07:26:49
EKas imR0507,2024-04-01 07:26:50
[BMIRC,2024-04-01 07:26:50
RKi138 ,2024-04-01 07:26:50
Ekas 1R05o7,2024-04-01 07:26:51
LKAd1hs4956,2024-04-01 07:26:51
olszs5,2024-04-01 07:26:52
Ekas IMR0507,2024-04-01 07:26:52
BIIR,2024-04-01 07:26:52
84ols/958,2024-04-01 07:26:52
"""Kasinr0so",2024-04-01 07:26:53
840ls/958,2024-04-01 07:26:53
BMIF,2024-04-01 07:26:54
LMS7956,2024-04-01 07:26:54
EsirosC,2024-04-01 07:26:54
LdS7956,2024-04-01 07:26:55
Ku,2024-04-01 07:26:55
LKoS4958,2024-04-01 07:26:56
Exasliros,2024-04-01 07:26:56
LOS(956,2024-04-01 07:26:56
BMRCL_,2024-04-01 07:26:57
Kiu,2024-04-01 07:26:57
Lo5z956,2024-04-01 07:26:57
ExasILRO,2024-04-01 07:26:57
Lo57956,2024-04-01 07:26:58
EKAsIP,2024-04-01 07:26:58
LMSt956,2024-04-01 07:26:59
"EKast""",2024-04-01 07:27:00
LoIS(956,2024-04-01 07:27:00
EKas_,2024-04-01 07:27:01
Llst9s6,2024-04-01 07:27:01
Est956,2024-04-01 07:27:02
LEoist958,2024-04-01 07:27:02
Eoiist958,2024-04-01 07:27:02
Ldisc95s,2024-04-01 07:27:03
Ldins(9sq,2024-04-01 07:27:03
Ke,2024-04-01 07:27:04
LKAOISLSSE,2024-04-01 07:27:04
LKOIS(SSE,2024-04-01 07:27:05
LWutsse,2024-04-01 07:27:05
LdLS95,2024-04-01 07:27:05
Lss5,2024-04-01 07:27:06
Ri,2024-04-01 07:27:06
Ldk958,2024-04-01 07:27:06
KLT,2024-04-01 07:27:07
AKAILs (956,2024-04-01 07:27:07
LS95,2024-04-01 07:27:08
WuwsSse,2024-04-01 07:27:09
WuwSSse,2024-04-01 07:27:09
Wuo1,2024-04-01 07:27:09
Lnusts56,2024-04-01 07:27:10
Muissse,2024-04-01 07:27:10
MuIESs,2024-04-01 07:27:11
Mus95,2024-04-01 07:27:11
Auases,2024-04-01 07:27:12
MuL5e,2024-04-01 07:27:13
Msi,2024-04-01 07:27:14
BIRCI,2024-04-01 07:27:15
sse,2024-04-01 07:27:15
HIDI,2024-04-01 07:27:15
WWI,2024-04-01 07:27:16
WLSEI,2024-04-01 07:27:16
Qoiasess,2024-04-01 07:27:17
BMIRC,2024-04-01 07:27:17
MUDS,2024-04-01 07:27:17
Arcons,2024-04-01 07:27:18
apcons,2024-04-01 07:27:18
Tetro,2024-04-01 07:27:34
MFTOnS,2024-04-01 07:27:36
URL,2024-04-01 07:27:36
98,2024-04-01 07:27:37
QnS,2024-04-01 07:27:37
BMRCI,2024-04-01 07:27:43
BMRCL ,2024-04-01 07:27:45
BMRCL;,2024-04-01 07:27:46
GWRC],2024-04-01 07:27:52
BXrcz;,2024-04-01 07:27:52
BHRCL,2024-04-01 07:27:52
BHRC,2024-04-01 07:27:53
Mxfo,2024-04-01 07:27:55
Nkfo,2024-04-01 07:27:55
"MHO ,",2024-04-01 07:27:56
"Wetfo ,",2024-04-01 07:27:56
(BMRCL,2024-04-01 07:27:56
dOO _,2024-04-01 07:27:57
Met0 _,2024-04-01 07:27:57
IIpUfO ,2024-04-01 07:27:57
MSI,2024-04-01 07:27:57
MIpUfO _,2024-04-01 07:27:57
Mpefo _,2024-04-01 07:27:58
Jaatm ^,2024-04-01 07:27:58
Mhegm,2024-04-01 07:27:58
"Mietco ,",2024-04-01 07:27:58
teefd,2024-04-01 07:27:58
Ue ^,2024-04-01 07:27:59
Ielo ^,2024-04-01 07:27:59
MeUO^,2024-04-01 07:27:59
Imelto ,2024-04-01 07:28:00
JR-UF,2024-04-01 07:28:00
Mclfo,2024-04-01 07:28:00
metto `,2024-04-01 07:28:00
IIp,2024-04-01 07:28:00
metfo,2024-04-01 07:28:00
Uzvo,2024-04-01 07:28:01
mettd,2024-04-01 07:28:01
Metfo,2024-04-01 07:28:01
meto,2024-04-01 07:28:02
Welm,2024-04-01 07:28:02
menfo,2024-04-01 07:28:02
(mego,2024-04-01 07:28:02
mxmh,2024-04-01 07:28:03
Metm,2024-04-01 07:28:03
metrd,2024-04-01 07:28:03
melth,2024-04-01 07:28:03
Meto,2024-04-01 07:28:03
IMetco,2024-04-01 07:28:04
(Metco,2024-04-01 07:28:04
Metro,2024-04-01 07:28:04
KKelr',2024-04-01 07:28:04
Mequ,2024-04-01 07:28:04
Metro |,2024-04-01 07:28:04
Uuequ,2024-04-01 07:28:05
Wietu,2024-04-01 07:28:05
(Wedu,2024-04-01 07:28:05
Wem,2024-04-01 07:28:06
(Wemu ,2024-04-01 07:28:06
Wercu,2024-04-01 07:28:06
Teru,2024-04-01 07:28:07
Vm,2024-04-01 07:28:07
mema,2024-04-01 07:28:07
Mnedcu,2024-04-01 07:28:07
Medt,2024-04-01 07:28:08
Smet,2024-04-01 07:28:08
npgou,2024-04-01 07:28:08
metfu,2024-04-01 07:28:09
K417K,2024-04-01 07:28:09
4-03,2024-04-01 07:28:13
4036,2024-04-01 07:28:14
4Z,2024-04-01 07:28:16
67u7,2024-04-01 07:28:17
T,2024-04-01 07:28:18
T0,2024-04-01 07:28:18
6t9mu,2024-04-01 07:28:24
wtam,2024-04-01 07:28:24
LS,2024-04-01 07:28:26
Mosakdd,2024-04-01 07:28:35
Imk,2024-04-01 07:28:35
Wiood,2024-04-01 07:28:36
Eqn,2024-04-01 07:28:37
USL,2024-04-01 07:28:37
VESLk,2024-04-01 07:28:37
Wosuh,2024-04-01 07:28:38
WuuI,2024-04-01 07:28:38
Esmng,2024-04-01 07:28:38
Kiosa4qo81,2024-04-01 07:28:39
MOskI,2024-04-01 07:28:39
Woskdd,2024-04-01 07:28:39
Vug,2024-04-01 07:28:39
LdsLlse,2024-04-01 07:28:40
LalusljoI,2024-04-01 07:28:40
Kd5jdd,2024-04-01 07:28:40
Ri0suub0J,2024-04-01 07:28:41
K105Lz051,2024-04-01 07:28:41
64057K3091,2024-04-01 07:28:41
KnOsAKdoJue,2024-04-01 07:28:42
Laosaloob1,2024-04-01 07:28:42
AKaosa6dobI,2024-04-01 07:28:42
Rao5a3091,2024-04-01 07:28:43
LRadsakzosu,2024-04-01 07:28:43
Kl05ak3081,2024-04-01 07:28:43
Ka0sakj094,2024-04-01 07:28:44
Fl 0,2024-04-01 07:28:44
K405442091,2024-04-01 07:28:44
'K0i,2024-04-01 07:28:45
Raosazd9u,2024-04-01 07:28:45
KKF,2024-04-01 07:28:45
Kan5auzosu,2024-04-01 07:28:45
KA0i,2024-04-01 07:28:46
KansazO9uL,2024-04-01 07:28:46
KATO!,2024-04-01 07:28:46
'K40542091],2024-04-01 07:28:46
4a,2024-04-01 07:28:47
K405442091],2024-04-01 07:28:47
Ka054k20917,2024-04-01 07:28:48
KA 01,2024-04-01 07:28:48
Ka054k2081],2024-04-01 07:28:48
KKA 04,2024-04-01 07:28:49
K40544309H,2024-04-01 07:28:49
HP 2801,2024-04-01 07:28:49
Kaosa_ds,2024-04-01 07:28:50
KaOsI,2024-04-01 07:28:50
Ka 0 #,2024-04-01 07:28:50
KaOsa,2024-04-01 07:28:50
KIOs,2024-04-01 07:28:51
Uih,2024-04-01 07:28:52
4171,2024-04-01 07:28:52
2107,2024-04-01 07:28:53
,2024-04-01 07:29:59
Hepet a,2024-04-01 07:30:01
Hawcevi,2024-04-01 07:30:01
du,2024-04-01 07:30:02
043e,2024-04-01 07:30:03
Waow7wawi,2024-04-01 07:30:03
"Moer""0a9j1",2024-04-01 07:30:04
Ja,2024-04-01 07:30:06
Hll,2024-04-01 07:30:09
Wigimd,2024-04-01 07:30:10
0n0e031,2024-04-01 07:30:10
Ftlpc,2024-04-01 07:30:11
ema63n,2024-04-01 07:30:11
yv e30l,2024-04-01 07:30:13
DLD=,2024-04-01 07:30:14
"Genev"" Qauf",2024-04-01 07:30:15
030evi Q 208,2024-04-01 07:30:15
DWrn,2024-04-01 07:30:16
MM,2024-04-01 07:30:16
BMRCL,2024-04-01 07:30:16
Dlnne,2024-04-01 07:30:16
"MYO ,",2024-04-01 07:30:17
0304v' 620,2024-04-01 07:30:17
"MeVO ,",2024-04-01 07:30:18
4nois,2024-04-01 07:30:18
"Medo ,",2024-04-01 07:30:18
BEHRCL,2024-04-01 07:30:18
Mn2,2024-04-01 07:30:18
83008 &,2024-04-01 07:30:19
MeIO ',2024-04-01 07:30:19
4104A J045z,2024-04-01 07:30:19
430 H0,2024-04-01 07:30:20
MeVO `,2024-04-01 07:30:20
4m0=,2024-04-01 07:30:21
HoInjQIS,2024-04-01 07:30:21
0,2024-04-01 07:30:21
SLk,2024-04-01 07:30:21
IptO,2024-04-01 07:30:22
MqIaJd 452,2024-04-01 07:30:22
Shb,2024-04-01 07:30:23
"Meto """,2024-04-01 07:30:23
WJo5z',2024-04-01 07:30:23
MidInJ0152,2024-04-01 07:30:24
aoul,2024-04-01 07:30:24
Kil,2024-04-01 07:30:25
KadinJ0 152,2024-04-01 07:30:25
EKadiaJo152,2024-04-01 07:30:26
Eid inj01521,2024-04-01 07:30:26
[4g16j015z,2024-04-01 07:30:27
M0J015z,2024-04-01 07:30:28
[m010152],2024-04-01 07:30:28
[[401LJ0152,2024-04-01 07:30:29
Em4ownJ0152,2024-04-01 07:30:30
"MPUO ,",2024-04-01 07:30:31
'[O1JO152,2024-04-01 07:30:31
FKowJ0152,2024-04-01 07:30:32
"MRUO ,",2024-04-01 07:30:33
"Metro """,2024-04-01 07:30:33
BMRC,2024-04-01 07:30:34
'K1o 1MJO 1521,2024-04-01 07:30:34
BMR,2024-04-01 07:30:35
MRtO,2024-04-01 07:30:35
[o1Jo1527,2024-04-01 07:30:35
"MBUU ,",2024-04-01 07:30:36
BM,2024-04-01 07:30:36
[Io40J01527,2024-04-01 07:30:36
Metu,2024-04-01 07:30:37
KaOIAJ0 1527,2024-04-01 07:30:37
MeUu,2024-04-01 07:30:38
KOIAJo 152,2024-04-01 07:30:38
[404J0 1527,2024-04-01 07:30:38
~Metu,2024-04-01 07:30:39
Kho10Jo 1521,2024-04-01 07:30:39
K4010Jo 1527,2024-04-01 07:30:41
KaoIMJo 152,2024-04-01 07:30:41
KaqIMJo 15271,2024-04-01 07:30:42
Kaq_R Jo 1521,2024-04-01 07:30:43
I01J0152,2024-04-01 07:30:45
61J01528,2024-04-01 07:30:46
0152,2024-04-01 07:30:47
BMR(,2024-04-01 07:30:49
Biv,2024-04-01 07:30:50
EMRCL,2024-04-01 07:30:53
EIRCL,2024-04-01 07:30:55
EIIRCL,2024-04-01 07:30:55
BIRCLI,2024-04-01 07:30:56
[Ex,2024-04-01 07:30:56
BIIRCL,2024-04-01 07:30:56
Hublov,2024-04-01 07:30:56
MiW,2024-04-01 07:30:57
BIVIR,2024-04-01 07:30:57
BIVIE,2024-04-01 07:30:58
Bl,2024-04-01 07:30:58
K51526,2024-04-01 07:30:58
coin5idg,2024-04-01 07:30:59
"MeUu ,",2024-04-01 07:30:59
[401n45t08,2024-04-01 07:30:59
IFCOHS,2024-04-01 07:30:59
Metu _,2024-04-01 07:31:00
LK4514536_,2024-04-01 07:31:00
KadINX5 4or],2024-04-01 07:31:00
MEEFU,2024-04-01 07:31:00
KB,2024-04-01 07:31:00
Cd5id,2024-04-01 07:31:01
Kib,2024-04-01 07:31:01
"Metu ,",2024-04-01 07:31:01
Tuim5od,2024-04-01 07:31:01
4351073627,2024-04-01 07:31:02
Ki,2024-04-01 07:31:02
MEEN,2024-04-01 07:31:02
Tiguiba,2024-04-01 07:31:02
44515362,2024-04-01 07:31:03
Meuo,2024-04-01 07:31:03
FK0Ink5lod,2024-04-01 07:31:04
(Metro,2024-04-01 07:31:04
Euldw,2024-04-01 07:31:04
Eun5vd,2024-04-01 07:31:05
Eulksd,2024-04-01 07:31:06
MeUO,2024-04-01 07:31:06
Ka51nsjg=,2024-04-01 07:31:06
(sda,2024-04-01 07:31:07
38,2024-04-01 07:31:07
Emsa,2024-04-01 07:31:07
KiE,2024-04-01 07:31:08
'Metro,2024-04-01 07:31:08
F0M8sI0A,2024-04-01 07:31:08
FMmema,2024-04-01 07:31:09
TW_,2024-04-01 07:31:09
Mblbid,2024-04-01 07:31:09
MbiZl,2024-04-01 07:31:10
K,2024-04-01 07:31:10
MRcL,2024-04-01 07:31:11
Kbiks36z,2024-04-01 07:31:11
EhEEZ,2024-04-01 07:31:12
Kskb,2024-04-01 07:31:13
WSJEz7,2024-04-01 07:31:13
KbauEui6z,2024-04-01 07:31:15
[5206u624,2024-04-01 07:31:16
E15ws2627,2024-04-01 07:31:16
E5u8s9627,2024-04-01 07:31:16
MCUD,2024-04-01 07:31:17
Kas IkS3677,2024-04-01 07:31:17
BBMRCL,2024-04-01 07:31:18
{K5ES2627,2024-04-01 07:31:18
MMero,2024-04-01 07:31:18
Pa,2024-04-01 07:31:18
35w52627,2024-04-01 07:31:18
KX,2024-04-01 07:31:19
EK45 1S36271,2024-04-01 07:31:19
(MLUO,2024-04-01 07:31:19
E0516s3627,2024-04-01 07:31:20
{0151452627,2024-04-01 07:31:20
[0454s3627,2024-04-01 07:31:21
MELO,2024-04-01 07:31:22
Fki514s7527,2024-04-01 07:31:22
u,2024-04-01 07:31:22
[645 1kS3627,2024-04-01 07:31:23
EK4510S3627,2024-04-01 07:31:23
1K151kS3627,2024-04-01 07:31:24
AFcohS,2024-04-01 07:31:24
EK4510S3S27,2024-04-01 07:31:24
BMF,2024-04-01 07:31:25
K451S3627,2024-04-01 07:31:25
Ka57053627,2024-04-01 07:31:25
K4514S3627,2024-04-01 07:31:25
EKa57RS3627,2024-04-01 07:31:26
~Ka51KS3627,2024-04-01 07:31:26
Ka518S3627,2024-04-01 07:31:27
Ka5 1HS3627,2024-04-01 07:31:27
Ka5iRS3627|,2024-04-01 07:31:28
WjheLc },2024-04-01 07:31:28
WPWEHeLc ],2024-04-01 07:31:29
Ka51KS3627,2024-04-01 07:31:30
Med,2024-04-01 07:31:30
Ka5 1kS3627,2024-04-01 07:31:31
Ka5 1kS3627_,2024-04-01 07:31:31
@aud,2024-04-01 07:31:32
d,2024-04-01 07:31:32
53627,2024-04-01 07:31:32
518S3627,2024-04-01 07:31:33
51kS3627,2024-04-01 07:31:33
Wilumezr,2024-04-01 07:31:33
Wiad,2024-04-01 07:31:34
JaSii,2024-04-01 07:31:34
Wibveld,2024-04-01 07:31:34
WIeueLa,2024-04-01 07:31:34
Ilbveld,2024-04-01 07:31:34
WlbveLLG,2024-04-01 07:31:35
Wibveqq],2024-04-01 07:31:35
Wryed 4o,2024-04-01 07:31:35
Udlupi Gia,2024-04-01 07:31:35
Llleue4a,2024-04-01 07:31:36
EH,2024-04-01 07:31:36
Wp4bulq],2024-04-01 07:31:36
yalua,2024-04-01 07:31:36
Wpieldd,2024-04-01 07:31:37
Welbuglld,2024-04-01 07:31:37
Walbuslld,2024-04-01 07:31:37
LUPi4bVgLLI,2024-04-01 07:31:38
WpLLousLLn,2024-04-01 07:31:38
WpiLdugLa,2024-04-01 07:31:38
[@Pilouellal,2024-04-01 07:31:39
VPLLbNGLLDI,2024-04-01 07:31:39
Ltn,2024-04-01 07:31:39
Udupl ,2024-04-01 07:31:40
BrRCL,2024-04-01 07:31:40
Udupl,2024-04-01 07:31:40
Ihelu ,2024-04-01 07:31:41
Mlinu _,2024-04-01 07:31:41
Meyn _,2024-04-01 07:31:42
letru ,2024-04-01 07:31:43
Meto ^,2024-04-01 07:31:43
'BMRCL,2024-04-01 07:31:44
uikd95e,2024-04-01 07:31:45
"Megro ,",2024-04-01 07:31:45
WBMRCL,2024-04-01 07:31:46
Vd In;-95E,2024-04-01 07:31:47
Megfo =,2024-04-01 07:31:48
UL01n5435,2024-04-01 07:31:48
Metfo ^,2024-04-01 07:31:48
Metto .,2024-04-01 07:31:50
Ka 1054956,2024-04-01 07:31:50
LliIKEL,2024-04-01 07:31:51
Ietto -,2024-04-01 07:31:52
Luq Inl356,2024-04-01 07:31:52
Osidosoz,2024-04-01 07:31:52
BMI,2024-04-01 07:31:53
Wules,2024-04-01 07:31:53
Metro -,2024-04-01 07:31:53
07150150207,2024-04-01 07:31:53
LdLsc95,2024-04-01 07:31:54
LLE95],2024-04-01 07:31:54
aesq,2024-04-01 07:31:55
Lal95,2024-04-01 07:31:55
Eisicro nz,2024-04-01 07:31:55
Ls5,2024-04-01 07:31:56
Ls95,2024-04-01 07:31:57
Mds95,2024-04-01 07:31:57
AladInS 4956,2024-04-01 07:31:58
Llao Is 4956,2024-04-01 07:31:59
Me,2024-04-01 07:31:59
AROI_,2024-04-01 07:31:59
KadIns 4950,2024-04-01 07:32:00
KadInS4950,2024-04-01 07:32:01
FAd Is 4956,2024-04-01 07:32:01
BIRCL,2024-04-01 07:32:01
FadIas4956,2024-04-01 07:32:01
KadIns(956,2024-04-01 07:32:02
FaldIns(956,2024-04-01 07:32:03
EE,2024-04-01 07:32:03
aadAas 4956,2024-04-01 07:32:03
IBMRCL,2024-04-01 07:32:04
Kald1054956,2024-04-01 07:32:04
KadInS (956,2024-04-01 07:32:05
Kisarusoz,2024-04-01 07:32:06
Kadias4956,2024-04-01 07:32:07
Ksaru5oz,2024-04-01 07:32:07
[BMRCL,2024-04-01 07:32:07
AadIns4958,2024-04-01 07:32:07
Mgaru5oz,2024-04-01 07:32:07
JB,2024-04-01 07:32:08
[Mdlas7958,2024-04-01 07:32:08
aru50z,2024-04-01 07:32:08
LKd1HS(956,2024-04-01 07:32:09
"""KasIMRO5O?",2024-04-01 07:32:09
LKAd1NS(956,2024-04-01 07:32:10
FKAs LHRO5O7,2024-04-01 07:32:11
LKAd1NS4956,2024-04-01 07:32:11
BMIRCL,2024-04-01 07:32:12
{KAd1hS7956,2024-04-01 07:32:13
EKas IMRO507,2024-04-01 07:32:13
EKas imR0507,2024-04-01 07:32:14
[BMIRC,2024-04-01 07:32:14
RKi138 ,2024-04-01 07:32:14
Ekas 1R05o7,2024-04-01 07:32:14
LKAd1hs4956,2024-04-01 07:32:14
olszs5,2024-04-01 07:32:16
Ekas IMR0507,2024-04-01 07:32:16
BIIR,2024-04-01 07:32:16
84ols/958,2024-04-01 07:32:16
"""Kasinr0so",2024-04-01 07:32:16
840ls/958,2024-04-01 07:32:17
BMIF,2024-04-01 07:32:17
LMS7956,2024-04-01 07:32:18
EsirosC,2024-04-01 07:32:18
LdS7956,2024-04-01 07:32:18
Ku,2024-04-01 07:32:19
LKoS4958,2024-04-01 07:32:19
Exasliros,2024-04-01 07:32:19
LOS(956,2024-04-01 07:32:20
BMRCL_,2024-04-01 07:32:20
Kiu,2024-04-01 07:32:20
Lo5z956,2024-04-01 07:32:20
ExasILRO,2024-04-01 07:32:21
Lo57956,2024-04-01 07:32:21
EKAsIP,2024-04-01 07:32:22
LMSt956,2024-04-01 07:32:22
"EKast""",2024-04-01 07:32:23
LoIS(956,2024-04-01 07:32:23
EKas_,2024-04-01 07:32:23
Llst9s6,2024-04-01 07:32:24
Est956,2024-04-01 07:32:24
LEoist958,2024-04-01 07:32:25
Eoiist958,2024-04-01 07:32:25
Ldisc95s,2024-04-01 07:32:26
Ldins(9sq,2024-04-01 07:32:27
Ke,2024-04-01 07:32:27
LKAOISLSSE,2024-04-01 07:32:27
LKOIS(SSE,2024-04-01 07:32:28
LWutsse,2024-04-01 07:32:28
LdLS95,2024-04-01 07:32:29
Lss5,2024-04-01 07:32:29
Ri,2024-04-01 07:32:29
Ldk958,2024-04-01 07:32:29
KLT,2024-04-01 07:32:30
AKAILs (956,2024-04-01 07:32:30
LS95,2024-04-01 07:32:31
WuwsSse,2024-04-01 07:32:32
WuwSSse,2024-04-01 07:32:32
Wuo1,2024-04-01 07:32:32
Lnusts56,2024-04-01 07:32:33
Muissse,2024-04-01 07:32:33
MuIESs,2024-04-01 07:32:34
Mus95,2024-04-01 07:32:34
Auases,2024-04-01 07:32:35
MuL5e,2024-04-01 07:32:35
Msi,2024-04-01 07:32:36
BIRCI,2024-04-01 07:32:37
sse,2024-04-01 07:32:37
HIDI,2024-04-01 07:32:38
WWI,2024-04-01 07:32:38
WLSEI,2024-04-01 07:32:39
Qoiasess,2024-04-01 07:32:39
BMIRC,2024-04-01 07:32:40
MUDS,2024-04-01 07:32:40
Arcons,2024-04-01 07:32:41
apcons,2024-04-01 07:32:41
Tetro,2024-04-01 07:32:57
MFTOnS,2024-04-01 07:32:58
URL,2024-04-01 07:32:59
98,2024-04-01 07:32:59
QnS,2024-04-01 07:33:00
BMRCI,2024-04-01 07:33:05
BMRCL ,2024-04-01 07:33:08
BMRCL;,2024-04-01 07:33:08
GWRC],2024-04-01 07:33:14
BXrcz;,2024-04-01 07:33:15
BHRCL,2024-04-01 07:33:15
BHRC,2024-04-01 07:33:15
Mxfo,2024-04-01 07:33:17
Nkfo,2024-04-01 07:33:17
"MHO ,",2024-04-01 07:33:18
"Wetfo ,",2024-04-01 07:33:18
(BMRCL,2024-04-01 07:33:18
dOO _,2024-04-01 07:33:19
Met0 _,2024-04-01 07:33:19
IIpUfO ,2024-04-01 07:33:19
MSI,2024-04-01 07:33:20
MIpUfO _,2024-04-01 07:33:20
Mpefo _,2024-04-01 07:33:20
Jaatm ^,2024-04-01 07:33:21
Mhegm,2024-04-01 07:33:21
"Mietco ,",2024-04-01 07:33:21
teefd,2024-04-01 07:33:21
Ue ^,2024-04-01 07:33:21
Ielo ^,2024-04-01 07:33:22
MeUO^,2024-04-01 07:33:22
Imelto ,2024-04-01 07:33:22
JR-UF,2024-04-01 07:33:23
Mclfo,2024-04-01 07:33:23
metto `,2024-04-01 07:33:23
IIp,2024-04-01 07:33:23
metfo,2024-04-01 07:33:23
Uzvo,2024-04-01 07:33:23
mettd,2024-04-01 07:33:24
Metfo,2024-04-01 07:33:24
meto,2024-04-01 07:33:25
Welm,2024-04-01 07:33:25
menfo,2024-04-01 07:33:25
(mego,2024-04-01 07:33:25
mxmh,2024-04-01 07:33:25
Metm,2024-04-01 07:33:26
metrd,2024-04-01 07:33:26
melth,2024-04-01 07:33:26
Meto,2024-04-01 07:33:26
IMetco,2024-04-01 07:33:26
(Metco,2024-04-01 07:33:27
Metro,2024-04-01 07:33:27
KKelr',2024-04-01 07:33:27
Mequ,2024-04-01 07:33:27
Metro |,2024-04-01 07:33:27
Uuequ,2024-04-01 07:33:27
Wietu,2024-04-01 07:33:28
(Wedu,2024-04-01 07:33:28
Wem,2024-04-01 07:33:29
(Wemu ,2024-04-01 07:33:29
Wercu,2024-04-01 07:33:29
Teru,2024-04-01 07:33:29
Vm,2024-04-01 07:33:29
mema,2024-04-01 07:33:30
Mnedcu,2024-04-01 07:33:30
Medt,2024-04-01 07:33:30
Smet,2024-04-01 07:33:30
npgou,2024-04-01 07:33:30
metfu,2024-04-01 07:33:31
K417K,2024-04-01 07:33:31
4-03,2024-04-01 07:33:36
4036,2024-04-01 07:33:37
4Z,2024-04-01 07:33:39
67u7,2024-04-01 07:33:40
T,2024-04-01 07:33:41
T0,2024-04-01 07:33:42
6t9mu,2024-04-01 07:33:47
wtam,2024-04-01 07:33:47
LS,2024-04-01 07:33:49
Mosakdd,2024-04-01 07:33:58
Imk,2024-04-01 07:33:58
Wiood,2024-04-01 07:33:58
Eqn,2024-04-01 07:33:59
USL,2024-04-01 07:34:00
VESLk,2024-04-01 07:34:00
Wosuh,2024-04-01 07:34:00
WuuI,2024-04-01 07:34:01
Esmng,2024-04-01 07:34:01
Kiosa4qo81,2024-04-01 07:34:02
MOskI,2024-04-01 07:34:02
Woskdd,2024-04-01 07:34:02
Vug,2024-04-01 07:34:03
LdsLlse,2024-04-01 07:34:03
LalusljoI,2024-04-01 07:34:03
Kd5jdd,2024-04-01 07:34:04
Ri0suub0J,2024-04-01 07:34:04
K105Lz051,2024-04-01 07:34:04
64057K3091,2024-04-01 07:34:05
KnOsAKdoJue,2024-04-01 07:34:05
Laosaloob1,2024-04-01 07:34:05
AKaosa6dobI,2024-04-01 07:34:06
Rao5a3091,2024-04-01 07:34:06
LRadsakzosu,2024-04-01 07:34:06
Kl05ak3081,2024-04-01 07:34:07
Ka0sakj094,2024-04-01 07:34:07
Fl 0,2024-04-01 07:34:07
K405442091,2024-04-01 07:34:07
'K0i,2024-04-01 07:34:08
Raosazd9u,2024-04-01 07:34:08
KKF,2024-04-01 07:34:09
Kan5auzosu,2024-04-01 07:34:09
KA0i,2024-04-01 07:34:09
KansazO9uL,2024-04-01 07:34:09
KATO!,2024-04-01 07:34:09
'K40542091],2024-04-01 07:34:10
4a,2024-04-01 07:34:10
K405442091],2024-04-01 07:34:10
Ka054k20917,2024-04-01 07:34:10
KA 01,2024-04-01 07:34:11
Ka054k2081],2024-04-01 07:34:11
KKA 04,2024-04-01 07:34:11
K40544309H,2024-04-01 07:34:11
HP 2801,2024-04-01 07:34:12
Kaosa_ds,2024-04-01 07:34:12
KaOsI,2024-04-01 07:34:12
Ka 0 #,2024-04-01 07:34:13
KaOsa,2024-04-01 07:34:13
KIOs,2024-04-01 07:34:13
Uih,2024-04-01 07:34:15
4171,2024-04-01 07:34:16
2107,2024-04-01 07:34:17
Waow7wawi,2024-04-02 05:10:36
"Moer""0a9j1",2024-04-02 05:10:37
0304v' 620,2024-04-02 05:10:45
HoInjQIS,2024-04-02 05:10:48
MqIaJd 452,2024-04-02 05:10:49
MidInJ0152,2024-04-02 05:10:50
[4g16j015z,2024-04-02 05:10:53
[m010152],2024-04-02 05:10:55
'[O1JO152,2024-04-02 05:10:58
FKowJ0152,2024-04-02 05:10:59
[o1Jo1527,2024-04-02 05:11:02
KOIAJo 152,2024-04-02 05:11:04
I01J0152,2024-04-02 05:11:12
61J01528,2024-04-02 05:11:13
coin5idg,2024-04-02 05:11:26
[401n45t08,2024-04-02 05:11:27
LK4514536_,2024-04-02 05:11:27
4351073627,2024-04-02 05:11:29
44515362,2024-04-02 05:11:29
FK0Ink5lod,2024-04-02 05:11:30
Ka51nsjg=,2024-04-02 05:11:32
F0M8sI0A,2024-04-02 05:11:34
Kbiks36z,2024-04-02 05:11:38
KbauEui6z,2024-04-02 05:11:41
[5206u624,2024-04-02 05:11:41
E15ws2627,2024-04-02 05:11:42
E5u8s9627,2024-04-02 05:11:42
{K5ES2627,2024-04-02 05:11:43
35w52627,2024-04-02 05:11:43
E0516s3627,2024-04-02 05:11:45
[0454s3627,2024-04-02 05:11:46
K451S3627,2024-04-02 05:11:50
Ka57053627,2024-04-02 05:11:51
K4514S3627,2024-04-02 05:11:51
Ka518S3627,2024-04-02 05:11:53
WjheLc },2024-04-02 05:11:54
WPWEHeLc ],2024-04-02 05:11:55
Ka51KS3627,2024-04-02 05:11:55
518S3627,2024-04-02 05:11:58
51kS3627,2024-04-02 05:11:58
Wilumezr,2024-04-02 05:11:58
WlbveLLG,2024-04-02 05:12:00
Wibveqq],2024-04-02 05:12:00
Wryed 4o,2024-04-02 05:12:00
Udlupi Gia,2024-04-02 05:12:00
Llleue4a,2024-04-02 05:12:01
Wp4bulq],2024-04-02 05:12:01
Welbuglld,2024-04-02 05:12:02
Walbuslld,2024-04-02 05:12:03
WpLLousLLn,2024-04-02 05:12:04
WpiLdugLa,2024-04-02 05:12:04
Vd In;-95E,2024-04-02 05:12:10
UL01n5435,2024-04-02 05:12:11
Ka 1054956,2024-04-02 05:12:14
Luq Inl356,2024-04-02 05:12:16
Osidosoz,2024-04-02 05:12:16
Eisicro nz,2024-04-02 05:12:20
KadInS4950,2024-04-02 05:12:24
FadIas4956,2024-04-02 05:12:24
KadIns(956,2024-04-02 05:12:25
Kisarusoz,2024-04-02 05:12:29
Kadias4956,2024-04-02 05:12:30
Ksaru5oz,2024-04-02 05:12:30
AadIns4958,2024-04-02 05:12:31
Mgaru5oz,2024-04-02 05:12:31
[Mdlas7958,2024-04-02 05:12:32
LKd1HS(956,2024-04-02 05:12:32
84ols/958,2024-04-02 05:12:38
"""Kasinr0so",2024-04-02 05:12:39
840ls/958,2024-04-02 05:12:39
LKoS4958,2024-04-02 05:12:42
Exasliros,2024-04-02 05:12:42
ExasILRO,2024-04-02 05:12:44
LoIS(956,2024-04-02 05:12:46
LEoist958,2024-04-02 05:12:47
Eoiist958,2024-04-02 05:12:48
Ldisc95s,2024-04-02 05:12:48
Ldins(9sq,2024-04-02 05:12:49
LKAOISLSSE,2024-04-02 05:12:49
LKOIS(SSE,2024-04-02 05:12:50
Lnusts56,2024-04-02 05:12:55
Qoiasess,2024-04-02 05:13:01
MIpUfO _,2024-04-02 05:13:42
"Mietco ,",2024-04-02 05:13:43
Kiosa4qo81,2024-04-02 05:14:21
LalusljoI,2024-04-02 05:14:23
Ri0suub0J,2024-04-02 05:14:23
K105Lz051,2024-04-02 05:14:24
64057K3091,2024-04-02 05:14:24
Laosaloob1,2024-04-02 05:14:25
Rao5a3091,2024-04-02 05:14:25
Kl05ak3081,2024-04-02 05:14:26
Ka0sakj094,2024-04-02 05:14:26
K405442091,2024-04-02 05:14:27
Raosazd9u,2024-04-02 05:14:27
Kan5auzosu,2024-04-02 05:14:28
KansazO9uL,2024-04-02 05:14:28
K40544309H,2024-04-02 05:14:32
Kaosa_ds,2024-04-02 05:14:32
X4024H7256,2024-04-02 05:53:31
X1028h7256,2024-04-02 05:53:34
X024H7256],2024-04-02 05:53:35
X1024h7256,2024-04-02 05:53:36
X402hh7256,2024-04-02 05:53:38
X102hh7256,2024-04-02 05:53:42
X4021h7256,2024-04-02 05:53:54
X4024h7256,2024-04-02 05:53:55
X4028h7256,2024-04-02 05:54:01
X1021H7256,2024-04-02 05:54:15
X102hH7256,2024-04-02 05:54:36
X1024H7256,2024-04-02 05:54:42
X02hh7256,2024-04-02 05:54:49
X402hH7256,2024-04-02 05:54:53
X1021h7256,2024-04-02 05:54:58
X1028H7256,2024-04-02 05:55:50
X4028H7256,2024-04-02 05:55:53
X402H7256],2024-04-02 05:55:55
SUBSCRIBE,2024-04-02 05:56:07
Fontghield,2024-04-05 09:11:14
"""46571""'",2024-04-05 09:11:14
