R-183 J,2024-03-18 08:09:35
R-183 F,2024-03-18 08:14:27
R-183 JF,2024-03-18 08:14:27
R-183-JF,2024-03-18 08:14:28
R-IB3J,2024-03-18 08:14:28
R-183-F,2024-03-18 08:14:29
RIBBJ,2024-03-18 08:14:29
,2024-03-18 08:14:31
R1B3-JF,2024-03-18 08:14:32
R-1B3-JF,2024-03-18 08:14:32
R83-JF,2024-03-18 08:14:33
R183-JF,2024-03-18 08:14:33
R.183-JF,2024-03-18 08:14:41
R183.JF,2024-03-18 08:14:44
"R-18, IF",2024-03-18 08:14:46
R18 ( Ir,2024-03-18 08:14:46
Ri8t,2024-03-18 08:14:46
R82I,2024-03-18 08:14:47
R-187 JF,2024-03-18 08:14:47
R-18TJF,2024-03-18 08:14:47
R183F,2024-03-18 08:14:48
9,2024-03-18 08:14:50
F,2024-03-18 08:14:51
Rie,2024-03-18 08:14:51
RoL,2024-03-18 08:14:52
RbrD,2024-03-18 08:14:52
Rjen,2024-03-18 08:14:53
Rjarn,2024-03-18 08:14:53
Rn,2024-03-18 08:14:53
Rorn,2024-03-18 08:14:54
F8ln,2024-03-18 08:14:54
R8rl,2024-03-18 08:14:54
73ak-I,2024-03-18 08:14:55
78o4],2024-03-18 08:14:55
73e4-J4,2024-03-18 08:14:55
7884-4,2024-03-18 08:14:56
78e*4,2024-03-18 08:14:56
R8a4-JV,2024-03-18 08:14:56
7821,2024-03-18 08:14:57
Tbrz-Jv,2024-03-18 08:14:57
789rIv,2024-03-18 08:14:57
7894-J,2024-03-18 08:14:58
784M,2024-03-18 08:14:58
N-894-JV,2024-03-18 08:14:58
0BezJ,2024-03-18 08:14:59
4-894M,2024-03-18 08:14:59
N-894J,2024-03-18 08:15:00
N-894,2024-03-18 08:15:00
N894J,2024-03-18 08:15:00
N-894M,2024-03-18 08:15:01
N-894-Jv,2024-03-18 08:15:01
N-894JV,2024-03-18 08:15:03
N894-JV,2024-03-18 08:15:03
N894-V,2024-03-18 08:15:04
N-894 JV,2024-03-18 08:15:05
L656Tr,2024-03-18 08:15:05
L-656 h,2024-03-18 08:15:06
L6s6 Xh,2024-03-18 08:15:06
L-65640,2024-03-18 08:15:07
Los63h,2024-03-18 08:15:08
Lo567,2024-03-18 08:15:08
L656TH,2024-03-18 08:15:08
L656xh,2024-03-18 08:15:09
L656XH,2024-03-18 08:15:09
L656 XH,2024-03-18 08:15:10
L656-XH,2024-03-18 08:15:10
L6s6-XH,2024-03-18 08:15:10
L6s6XH,2024-03-18 08:15:11
L656Xh,2024-03-18 08:15:12
(L656-XH,2024-03-18 08:15:12
L656.XH,2024-03-18 08:15:13
[L656-XH,2024-03-18 08:15:14
L-656-XH,2024-03-18 08:15:14
1L-656-XH,2024-03-18 08:15:15
-656-XH,2024-03-18 08:15:16
[656-XH,2024-03-18 08:15:19
656-XH,2024-03-18 08:15:19
L.656-XH,2024-03-18 08:15:20
L-656 XH,2024-03-18 08:15:22
L-656XH,2024-03-18 08:15:24
L6s6-.XH,2024-03-18 08:15:25
L6s6 XH,2024-03-18 08:15:26
L;656 XH,2024-03-18 08:15:28
"""L656 XR",2024-03-18 08:15:32
L658 XH,2024-03-18 08:15:32
C656 XH,2024-03-18 08:15:33
[656 XH,2024-03-18 08:15:33
L656 KH,2024-03-18 08:15:34
Co5oXH,2024-03-18 08:15:34
Co56 XH,2024-03-18 08:15:35
EosoXu,2024-03-18 08:15:35
Loso Xu,2024-03-18 08:15:35
Los6 Xu,2024-03-18 08:15:36
FD,2024-03-18 08:15:37
Reh,2024-03-18 08:15:37
RAL,2024-03-18 08:15:38
60,2024-03-18 08:15:38
Rrk,2024-03-18 08:15:39
6,2024-03-18 08:15:39
Ron,2024-03-18 08:15:40
Ran,2024-03-18 08:15:40
Ren,2024-03-18 08:15:40
ROAL,2024-03-18 08:15:41
Bn,2024-03-18 08:15:41
Ru,2024-03-18 08:15:41
Pok,2024-03-18 08:15:41
RAn,2024-03-18 08:15:42
Kk,2024-03-18 08:15:42
Dl,2024-03-18 08:15:42
P644[,2024-03-18 08:15:43
0640,2024-03-18 08:15:43
364n,2024-03-18 08:15:43
06407,2024-03-18 08:15:44
Rb#X,2024-03-18 08:15:44
R6aLA,2024-03-18 08:15:44
@644LX,2024-03-18 08:15:44
RSALX,2024-03-18 08:15:45
06417,2024-03-18 08:15:45
064LA,2024-03-18 08:15:45
R6AL,2024-03-18 08:15:46
R6ALX,2024-03-18 08:15:46
bALX,2024-03-18 08:15:47
4644LX,2024-03-18 08:15:47
0644LX,2024-03-18 08:15:47
H644LX,2024-03-18 08:15:48
4644-LX,2024-03-18 08:15:49
0644-LX,2024-03-18 08:15:49
H-644-LX,2024-03-18 08:15:49
H-644LX,2024-03-18 08:15:50
A644LX,2024-03-18 08:15:51
A.644-LX,2024-03-18 08:15:52
A-644-LX,2024-03-18 08:15:52
0-644-LX,2024-03-18 08:15:53
A-644LX,2024-03-18 08:15:54
R644LX,2024-03-18 08:15:55
H.644-LX,2024-03-18 08:15:56
H644-LX,2024-03-18 08:15:57
H.644LX,2024-03-18 08:15:57
K644LXI,2024-03-18 08:15:58
H 644-LX,2024-03-18 08:15:58
4t,2024-03-18 08:15:59
Kt,2024-03-18 08:15:59
KEd,2024-03-18 08:16:00
Keit,2024-03-18 08:16:00
K8BARS,2024-03-18 08:16:01
RBBLRS,2024-03-18 08:16:01
RSBRS,2024-03-18 08:16:02
RBBERS,2024-03-18 08:16:02
K884-RS,2024-03-18 08:16:02
R884RS,2024-03-18 08:16:03
KBB4RS,2024-03-18 08:16:04
K-884-RS,2024-03-18 08:16:04
K884 RS,2024-03-18 08:16:05
K-884RS,2024-03-18 08:16:06
K-884 RS,2024-03-18 08:16:07
K.884 RS,2024-03-18 08:16:08
K884 RSI,2024-03-18 08:16:09
K884RS,2024-03-18 08:16:10
K884 RSL,2024-03-18 08:16:10
I884 RS,2024-03-18 08:16:11
K88A RS,2024-03-18 08:16:11
Btod,2024-03-18 08:16:12
66T7OZ,2024-03-18 08:16:12
66 FR 07,2024-03-18 08:16:12
66-44-07,2024-03-18 08:16:13
BFLOZ,2024-03-18 08:16:13
66-HH-Q7,2024-03-18 08:16:13
66-HH-07,2024-03-18 08:16:14
66-HA-0Z,2024-03-18 08:16:15
66-H4-07,2024-03-18 08:16:15
66-HA-Q7,2024-03-18 08:16:16
66-HA-07,2024-03-18 08:16:16
66-HH-0Z,2024-03-18 08:16:23
66-HH-0Z7,2024-03-18 08:16:23
66-HH 07,2024-03-18 08:16:26
NJ,2024-03-18 08:16:41
06 HH:U,2024-03-18 08:16:41
66 HH 07,2024-03-18 08:16:41
66 HH 0Z,2024-03-18 08:16:42
66*HH 07,2024-03-18 08:16:43
66-HH:07,2024-03-18 08:16:46
66 HH:07,2024-03-18 08:16:46
66-HH:0Z,2024-03-18 08:16:47
L6o5 HZ,2024-03-18 08:16:47
L6os-HZ,2024-03-18 08:16:47
Leos-HZ,2024-03-18 08:16:48
L6os Hz,2024-03-18 08:16:48
L6o5-HZ,2024-03-18 08:16:48
L605-HZ,2024-03-18 08:16:48
0605.HZ,2024-03-18 08:16:49
DoguZ,2024-03-18 08:16:49
BCUZ,2024-03-18 08:16:50
@E,2024-03-18 08:16:50
ECEl,2024-03-18 08:16:50
t,2024-03-18 08:16:55
Lo,2024-03-18 08:16:55
[67,2024-03-18 08:16:56
IBE,2024-03-18 08:16:56
Le0s-FZ,2024-03-18 08:16:57
Le05 FZ,2024-03-18 08:16:57
{605-KZ,2024-03-18 08:16:58
{605.KZ,2024-03-18 08:16:58
{605H2,2024-03-18 08:16:58
L6osHZ,2024-03-18 08:16:59
L605.HZ,2024-03-18 08:17:00
L60s-HZ,2024-03-18 08:17:01
6o5 HZ,2024-03-18 08:17:03
L6os HZ,2024-03-18 08:17:04
L605 HZ,2024-03-18 08:17:06
L-605HZ,2024-03-18 08:17:07
605 HZ,2024-03-18 08:17:08
L-605-HZ,2024-03-18 08:17:14
L 605-HZ,2024-03-18 08:17:15
Lj605-HZ,2024-03-18 08:17:16
L6os5 HZ,2024-03-18 08:17:18
Lbo5-HZ,2024-03-18 08:17:20
L605HZ,2024-03-18 08:17:20
Leo5 HZ,2024-03-18 08:17:21
IL605 HZ,2024-03-18 08:17:21
I605 HZ,2024-03-18 08:17:22
L6o5.4Z,2024-03-18 08:17:22
L6o5HZ,2024-03-18 08:17:22
Eiic3,2024-03-18 08:17:23
Rh3,2024-03-18 08:17:23
R57-3,2024-03-18 08:17:24
KuL3,2024-03-18 08:17:24
Elic3,2024-03-18 08:17:24
2i3,2024-03-18 08:17:25
Khic3,2024-03-18 08:17:25
03,2024-03-18 08:17:26
C3,2024-03-18 08:17:26
J,2024-03-18 08:17:30
L6s6.XH,2024-03-20 05:19:19
R-183 J,2024-03-20 05:35:06
R-183 F,2024-03-20 05:35:06
R-183 JF,2024-03-20 05:35:07
R-183-JF,2024-03-20 05:35:07
R-IB3J,2024-03-20 05:35:07
R-183-F,2024-03-20 05:35:08
RIBBJ,2024-03-20 05:35:08
,2024-03-20 05:35:10
R1B3-JF,2024-03-20 05:35:10
R-1B3-JF,2024-03-20 05:35:10
R83-JF,2024-03-20 05:35:11
R183-JF,2024-03-20 05:35:11
R.183-JF,2024-03-20 05:35:19
R183.JF,2024-03-20 05:35:21
"R-18, IF",2024-03-20 05:35:22
R18 ( Ir,2024-03-20 05:35:22
Ri8t,2024-03-20 05:35:22
R82I,2024-03-20 05:35:23
R-187 JF,2024-03-20 05:35:23
R-18TJF,2024-03-20 05:35:23
R183F,2024-03-20 05:35:23
9,2024-03-20 05:35:25
F,2024-03-20 05:35:26
Rie,2024-03-20 05:35:27
RoL,2024-03-20 05:35:27
RbrD,2024-03-20 05:35:28
Rjen,2024-03-20 05:35:28
Rjarn,2024-03-20 05:35:29
Rn,2024-03-20 05:35:29
Rorn,2024-03-20 05:35:29
F8ln,2024-03-20 05:35:30
R8rl,2024-03-20 05:35:30
73ak-I,2024-03-20 05:35:30
78o4],2024-03-20 05:35:31
73e4-J4,2024-03-20 05:35:31
7884-4,2024-03-20 05:35:31
78e*4,2024-03-20 05:35:31
R8a4-JV,2024-03-20 05:35:32
7821,2024-03-20 05:35:32
Tbrz-Jv,2024-03-20 05:35:32
789rIv,2024-03-20 05:35:33
7894-J,2024-03-20 05:35:33
784M,2024-03-20 05:35:33
N-894-JV,2024-03-20 05:35:34
0BezJ,2024-03-20 05:35:34
4-894M,2024-03-20 05:35:34
N-894J,2024-03-20 05:35:34
N-894,2024-03-20 05:35:35
N894J,2024-03-20 05:35:35
N-894M,2024-03-20 05:35:35
N-894-Jv,2024-03-20 05:35:35
N-894JV,2024-03-20 05:35:37
N894-JV,2024-03-20 05:35:38
N894-V,2024-03-20 05:35:38
N-894 JV,2024-03-20 05:35:38
L656Tr,2024-03-20 05:35:39
L-656 h,2024-03-20 05:35:40
L6s6 Xh,2024-03-20 05:35:40
L-65640,2024-03-20 05:35:41
Los63h,2024-03-20 05:35:41
Lo567,2024-03-20 05:35:42
L656TH,2024-03-20 05:35:42
L656xh,2024-03-20 05:35:43
L656XH,2024-03-20 05:35:43
L656 XH,2024-03-20 05:35:43
L656-XH,2024-03-20 05:35:44
L6s6-XH,2024-03-20 05:35:44
L6s6XH,2024-03-20 05:35:44
L656Xh,2024-03-20 05:35:45
(L656-XH,2024-03-20 05:35:45
L656.XH,2024-03-20 05:35:46
[L656-XH,2024-03-20 05:35:46
L-656-XH,2024-03-20 05:35:46
1L-656-XH,2024-03-20 05:35:48
-656-XH,2024-03-20 05:35:48
[656-XH,2024-03-20 05:35:50
656-XH,2024-03-20 05:35:51
L.656-XH,2024-03-20 05:35:51
L-656 XH,2024-03-20 05:35:53
L-656XH,2024-03-20 05:35:56
L6s6.XH,2024-03-20 05:35:56
L6s6 XH,2024-03-20 05:35:57
L;656 XH,2024-03-20 05:35:59
"""L656 XR",2024-03-20 05:36:02
L658 XH,2024-03-20 05:36:02
C656 XH,2024-03-20 05:36:03
[656 XH,2024-03-20 05:36:03
L656 KH,2024-03-20 05:36:04
Co5oXH,2024-03-20 05:36:04
Co56 XH,2024-03-20 05:36:04
EosoXu,2024-03-20 05:36:05
Loso Xu,2024-03-20 05:36:05
Los6 Xu,2024-03-20 05:36:05
FD,2024-03-20 05:36:06
Reh,2024-03-20 05:36:06
RAL,2024-03-20 05:36:07
60,2024-03-20 05:36:07
Rrk,2024-03-20 05:36:07
6,2024-03-20 05:36:08
Ron,2024-03-20 05:36:08
Ran,2024-03-20 05:36:08
Ren,2024-03-20 05:36:09
ROAL,2024-03-20 05:36:09
Bn,2024-03-20 05:36:09
Ru,2024-03-20 05:36:10
Pok,2024-03-20 05:36:10
RAn,2024-03-20 05:36:10
Kk,2024-03-20 05:36:11
Dl,2024-03-20 05:36:11
P644[,2024-03-20 05:36:11
0640,2024-03-20 05:36:12
364n,2024-03-20 05:36:12
06407,2024-03-20 05:36:12
Rb#X,2024-03-20 05:36:12
R6aLA,2024-03-20 05:36:12
@644LX,2024-03-20 05:36:13
RSALX,2024-03-20 05:36:13
06417,2024-03-20 05:36:13
064LA,2024-03-20 05:36:14
R6AL,2024-03-20 05:36:14
R6ALX,2024-03-20 05:36:14
bALX,2024-03-20 05:36:15
4644LX,2024-03-20 05:36:15
0644LX,2024-03-20 05:36:15
H644LX,2024-03-20 05:36:16
H644-LX,2024-03-20 05:36:16
0644-LX,2024-03-20 05:36:17
H-644-LX,2024-03-20 05:36:17
H-644LX,2024-03-20 05:36:17
A644LX,2024-03-20 05:36:18
A.644-LX,2024-03-20 05:36:19
A-644-LX,2024-03-20 05:36:19
0-644-LX,2024-03-20 05:36:19
A-644LX,2024-03-20 05:36:20
R644LX,2024-03-20 05:36:21
H.644-LX,2024-03-20 05:36:23
H.644LX,2024-03-20 05:36:24
K644LXI,2024-03-20 05:36:24
H 644-LX,2024-03-20 05:36:25
4t,2024-03-20 05:36:25
Kt,2024-03-20 05:36:26
KEd,2024-03-20 05:36:26
Keit,2024-03-20 05:36:26
K8BARS,2024-03-20 05:36:27
RBBLRS,2024-03-20 05:36:27
RSBRS,2024-03-20 05:36:27
RBBERS,2024-03-20 05:36:28
K884-RS,2024-03-20 05:36:28
R884RS,2024-03-20 05:36:28
KBB4RS,2024-03-20 05:36:29
K-884-RS,2024-03-20 05:36:29
K884 RS,2024-03-20 05:36:30
K-884RS,2024-03-20 05:36:30
K-884 RS,2024-03-20 05:36:32
K.884 RS,2024-03-20 05:36:32
K884 RSI,2024-03-20 05:36:33
K884RS,2024-03-20 05:36:34
K884 RSL,2024-03-20 05:36:34
I884 RS,2024-03-20 05:36:35
K88A RS,2024-03-20 05:36:35
Btod,2024-03-20 05:36:36
66T7OZ,2024-03-20 05:36:36
66 FR 07,2024-03-20 05:36:37
66-44-07,2024-03-20 05:36:37
BFLOZ,2024-03-20 05:36:38
66-HH-Q7,2024-03-20 05:36:38
66-HH-07,2024-03-20 05:36:38
66-HA-0Z,2024-03-20 05:36:39
66-H4-07,2024-03-20 05:36:39
66-HA-Q7,2024-03-20 05:36:40
66-HA-07,2024-03-20 05:36:40
66-HH-0Z,2024-03-20 05:36:45
66-HH-0Z7,2024-03-20 05:36:46
66-HH 07,2024-03-20 05:36:48
NJ,2024-03-20 05:37:01
06 HH:U,2024-03-20 05:37:01
66 HH 07,2024-03-20 05:37:01
66 HH 0Z,2024-03-20 05:37:02
66*HH 07,2024-03-20 05:37:03
66-HH:07,2024-03-20 05:37:05
66 HH:07,2024-03-20 05:37:05
66-HH:0Z,2024-03-20 05:37:06
L6o5 HZ,2024-03-20 05:37:06
L6os-HZ,2024-03-20 05:37:06
Leos-HZ,2024-03-20 05:37:07
L6os Hz,2024-03-20 05:37:07
L6o5-HZ,2024-03-20 05:37:07
L605-HZ,2024-03-20 05:37:07
0605.HZ,2024-03-20 05:37:08
DoguZ,2024-03-20 05:37:08
BCUZ,2024-03-20 05:37:08
@E,2024-03-20 05:37:09
ECEl,2024-03-20 05:37:09
t,2024-03-20 05:37:13
Lo,2024-03-20 05:37:13
[67,2024-03-20 05:37:14
IBE,2024-03-20 05:37:14
Le0s-FZ,2024-03-20 05:37:14
Le05 FZ,2024-03-20 05:37:15
{605-KZ,2024-03-20 05:37:15
{605.KZ,2024-03-20 05:37:15
{605H2,2024-03-20 05:37:16
L6osHZ,2024-03-20 05:37:16
L605.HZ,2024-03-20 05:37:17
L60s-HZ,2024-03-20 05:37:18
6o5 HZ,2024-03-20 05:37:19
L6os HZ,2024-03-20 05:37:20
L605 HZ,2024-03-20 05:37:22
L-605HZ,2024-03-20 05:37:23
605 HZ,2024-03-20 05:37:24
L-605-HZ,2024-03-20 05:37:28
L 605-HZ,2024-03-20 05:37:30
Lj605-HZ,2024-03-20 05:37:30
L6os5 HZ,2024-03-20 05:37:33
Lbo5-HZ,2024-03-20 05:37:34
L605HZ,2024-03-20 05:37:34
Leo5 HZ,2024-03-20 05:37:35
IL605 HZ,2024-03-20 05:37:35
I605 HZ,2024-03-20 05:37:36
L6o5.4Z,2024-03-20 05:37:36
L6o5HZ,2024-03-20 05:37:36
Eiic3,2024-03-20 05:37:37
Rh3,2024-03-20 05:37:37
R57-3,2024-03-20 05:37:37
KuL3,2024-03-20 05:37:37
Elic3,2024-03-20 05:37:38
2i3,2024-03-20 05:37:38
Khic3,2024-03-20 05:37:38
03,2024-03-20 05:37:38
C3,2024-03-20 05:37:39
J,2024-03-20 05:37:43
